Player,Pos,Tm,Salary
Dak Prescott\PresDa01,QB,DAL,$31409000
Jimmy Garoppolo\GaroJi00,QB,SFO,$23800000
Trent Brown\BrowTr02,OT,LVR,$21250000
Derek Carr\CarrDe02,QB,LVR,$18900000
Russell Wilson\WilsRu00,QB,SEA,$18000000
A.J. Green\GreeA.00,WR,CIN,$17971000
Ryan Tannehill\TannRy00,QB,TEN,$17500000
Aaron Donald\DonaAa00,DT,LAR,$17000000
Matt Judon\JudoMa00,DE,BAL,$16808000
Leonard Williams\WillLe02,DT,NYG,$16126000
Chris Jones\JoneCh09,DT,KAN,$16126000
Taylor Lewan\LewaTa00,OT,TEN,$16000000
Chandler Jones\JoneCh03,DE,ARI,$16000000
Alex Smith\SmitAl03,QB,WAS,$16000000
Shaquil Barrett\BarrSh00,OLB,TAM,$15828000
Bud Dupree\DuprAl00,DE,PIT,$15828000
J.J. Watt\WattJ.00,DE,HOU,$15500000
Brandon Scherff\ScheBr00,G,WAS,$15030000
Tom Brady\BradTo00,QB,TAM,$15000000
Joe Thuney\ThunJo00,OG,NWE,$14781000
T.Y. Hilton\HiltT.00,WR,IND,$14542000
Donovan Smith\SmitDo02,OT,TAM,$14500000
Stefon Diggs\DiggSt00,WR,BUF,$14200000
Odell Beckham Jr.\BeckOd00,WR,CLE,$14000000
Melvin Ingram\IngrMe00,DE,LAC,$14000000
Khalil Mack\MackKh00,OLB,CHI,$13300000
Jarvis Landry\LandJa00,WR,CLE,$13000000
Philip Rivers\RivePh00,QB,IND,$13000000
A.J. Bouye\BouyA.00,CB,DEN,$13000000
Stephon Gilmore\GilmSt00,CB,NWE,$13000000
Russell Okung\OkunRu20,T,CAR,$13000000
Myles Jack\JackMy00,OLB,JAX,$12750000
Kawann Short\ShorKa00,DT,CAR,$12500000
Trent Williams\WillTr21,T,SFO,$12500000
DeForest Buckner\BuckDe00,DT,IND,$12378000
Patrick Peterson\PetePa00,CB,ARI,$12050000
Frank Clark\ClarFr01,DE,KAN,$12000000
Davante Adams\AdamDa01,WR,GNB,$12000000
Xavien Howard\HowaXa00,CB,MIA,$11900000
Sheldon Richardson\RichSh00,DT,CLE,$11900000
Ryan Kerrigan\KerrRy00,DE,WAS,$11500000
Justin Simmons\SimmJu00,FS,DEN,$11441000
Anthony Harris\HarrAn01,DB,MIN,$11441000
Jurrell Casey\CaseJu00,DL,DEN,$11250000
Julio Jones\JoneJu02,WR,ATL,$11200000
Tyrann Mathieu\MathTy00,CB,KAN,$11150000
Trey Flowers\FlowTr00,DE,DET,$11125000
Geno Atkins\AtkiGe99,DT,CIN,$11100000
Larry Fitzgerald\FitzLa00,WR,ARI,$11000000
Kareem Jackson\JackKa99,DB,DEN,$11000000
Byron Jones\JoneBy00,CB,MIA,$11000000
Malcolm Butler\ButlMa01,CB,TEN,$11000000
Allen Robinson\RobiAl02,WR,CHI,$10900000
Laremy Tunsil\TunsLa00,OT,HOU,$10850000
Bobby Wagner\WagnBo00,ILB,SEA,$10750000
Lavonte David\DaviLa00,OLB,TAM,$10750000
Hunter Henry\HenrHu00,TE,LAC,$10607000
David Bakhtiari\BakhDa00,OT,GNB,$10500000
Whitney Mercilus\MercWh00,DE,HOU,$10500000
Akiem Hicks\HickAk00,DE,CHI,$10200000
David Johnson\JohnDa08,RB,HOU,$10200000
Will Fuller\FullWi01,WR,HOU,$10162000
Kevin Zeitler\ZeitKe00,G,NYG,$10000000
Ryan Jensen\JensRy00,T,TAM,$10000000
Marcus Peters\PeteMa00,CB,BAL,$10000000
Anthony Barr\BarrAn00,OLB,MIN,$10000000
Amari Cooper\CoopAm00,WR,DAL,$10000000
Landon Collins\CollLa00,SS,WAS,$10000000
William Jackson III\JackWi02,CB,CIN,$9954000
Alshon Jeffery\JeffAl00,WR,PHI,$9910000
Casey Hayward\HaywCa00,DB,LAC,$9750000
Rodger Saffold\SaffRo20,T,TEN,$9500000
Kirk Cousins\CousKi00,QB,MIN,$9500000
Gabe Jackson\JackGa00,OG,LVR,$9350000
Rob Gronkowski\GronRo00,TE,TAM,$9000000
Andrew Norwell\NorwAn01,G,JAX,$9000000
Stephon Tuitt\TuitSt00,DT,PIT,$9000000
Eric Fisher\FishEr00,OT,KAN,$8750000
Duane Brown\BrowDu20,T,SEA,$8750000
Trai Turner\TurnTr01,OG,LAC,$8500000
Jamison Crowder\CrowJa00,WR,NYJ,$8500000
Tyler Lockett\LockTy00,WR,SEA,$8500000
Travis Kelce\KelcTr00,TE,KAN,$8500000
Joel Bitonio\BitoJo00,OT,CLE,$8500000
Kenyan Drake\DrakKe00,RB,ARI,$8483000
Ronnie Stanley\StanRo00,OT,BAL,$8366000
Harrison Smith\SmitHa00,FS,MIN,$8350000
Tre'Davious White\WhitTr01,CB,BUF,$8250000
Tyrone Crawford\CrawTy00,DE,DAL,$8000000
Justin Houston\HousJu00,LB,IND,$8000000
Brandin Cooks\CookBr00,WR,HOU,$8000000
Richard Sherman\SherRi00,DB,SFO,$8000000
Yannick Ngakoue\NgakYa00,OLB,2TM,$8000000
Teddy Bridgewater\BridTe00,QB,CAR,$8000000
Alex Mack\MackAl20,C,ATL,$8000000
Ryan Fitzpatrick\FitzRy00,QB,MIA,$8000000
Golden Tate\TateGo00,WR,NYG,$7975000
Charles Leno Jr.\LenoCh00,OG,CHI,$7900000
Carlos Dunlap\DunlCa99,DE,2TM,$7800000
Anthony Hitchens\HitcAn00,OLB,KAN,$7800000
Corey Linsley\LinsCo00,C,GNB,$7650000
Carl Nassib\NassCa00,DE,LVR,$7500000
Marcus Mariota\MariMa01,QB,LVR,$7500000
Darren Waller\WallDa01,WR,LVR,$7280000
Nick Martin\MartNi00,C,HOU,$7250000
Justin Pugh\PughJu00,OG,ARI,$7250000
Matthew Stafford\StafMa00,QB,DET,$7200000
John Brown\BrowJo02,WR,BUF,$7050000
Kyle Rudolph\RudoKy00,TE,MIN,$7025000
Adam Humphries\HumpAd00,WR,TEN,$7000000
Henry Anderson\AndeHe00,DE,NYJ,$7000000
Nick Kwiatkoski\KwiaNi00,ILB,LVR,$7000000
Sammy Watkins\WatkSa00,WR,KAN,$7000000
DaQuan Jones\JoneDa04,DT,TEN,$7000000
Brandon Linder\LindBr00,OG,JAX,$7000000
Anthony Castonzo\CastAn00,LT,IND,$7000000
Jared Cook\CookJa02,TE,NOR,$7000000
Kenny Stills\StilKe00,WR,HOU,$6975000
Justin Coleman\ColeJu01,CB,DET,$6950000
Bobby Massie\MassBo00,T,CHI,$6900000
Taylor Decker\DeckTa00,OT,DET,$6850000
Ezekiel Elliott\ElliEz00,RB,DAL,$6800000
Mitch Morse\MorsMi00,OT,BUF,$6775000
Olivier Vernon\VernOl00,DE,CLE,$6750000
Zach Ertz\ErtzZa00,TE,PHI,$6660000
Jerry Hughes\HughJe99,DE,BUF,$6650000
Marvin Jones\JoneMa02,WR,DET,$6500000
Morgan Moses\MoseMo00,OT,WAS,$6500000
Jason Pierre-Paul\PierJa99,DE,TAM,$6500000
Sterling Shepard\ShepSt00,WR,NYG,$6475000
Keanu Neal\NealKe01,FS,ATL,$6466000
Trent Murphy\MurpTr00,DE,BUF,$6425000
Shaq Lawson\LawsSh00,DE,MIA,$6400000
DeSean Jackson\JackDe00,WR,PHI,$6200000
Benardrick McKinney\McKiBe00,ILB,HOU,$6000000
Jacoby Brissett\BrisJa00,QB,IND,$6000000
D.J. Hayden\HaydDJ00,CB,JAX,$6000000
Jordan Hicks\HickJo00,OLB,ARI,$6000000
Riley Reiff\ReifRi00,OT,MIN,$5900000
Deion Jones\JoneDe01,OLB,ATL,$5850000
Maliek Collins\CollMa00,DT,LVR,$5750000
Kenny Moore\MoorKe03,CB,IND,$5750000
Keenan Allen\AlleKe00,WR,LAC,$5500000
Bobby McCain\McCaBo01,CB,MIA,$5500000
Matt Paradis\ParaMa00,C,CAR,$5500000
Ryan Kelly\KellRy00,C,IND,$5350000
Mitchell Schwartz\SchwMi00,T,KAN,$5320000
Denico Autry\AutrDe00,DE,IND,$5300000
Jadeveon Clowney\ClowJa00,DE,TEN,$5250000
Ricardo Allen\AlleRi00,CB,ATL,$5250000
Mario Addison\AddiMa00,DE,BUF,$5250000
Ben Jones\JoneBe01,C,TEN,$5250000
Jaylon Smith\SmitJa05,OLB,DAL,$5171000
Ali Marpet\MarpAl00,C,TAM,$5125000
Kyle Juszczyk\JuszKy00,FB,SFO,$5050000
Grady Jarrett\JarrGr00,DT,ATL,$5001000
Leonard Floyd\FloyLe00,OLB,LAR,$5000000
Calais Campbell\CampCa99,DE,BAL,$5000000
Tyrod Taylor\TaylTy00,QB,LAC,$5000000
Connor McGovern\McGoCo00,OG,NYJ,$5000000
Mark Glowinski\GlowMa00,OG,IND,$5000000
Shaq Mason\MasoSh01,G,NWE,$5000000
Alejandro Villanueva\VillAl00,T,PIT,$5000000
Quandre Diggs\DiggQu00,CB,SEA,$5000000
Andrew Whitworth\WhitAn20,T,LAR,$5000000
Jack Conklin\ConkJa00,OT,CLE,$5000000
Robert Woods\WoodRo02,WR,LAR,$5000000
K.J. Wright\WrigK.00,LB,SEA,$5000000
Richie Incognito\IncoRi20,G,LVR,$5000000
Adam Thielen\ThieAd00,WR,MIN,$4800000
William Gholston\GholWi00,DE,TAM,$4750000
Jamon Brown\BrowJa04,OT,PHI,$4750000
A.J. Cann\CannA.00,OG,JAX,$4675000
Buster Skrine\SkriBu00,DB,CHI,$4650000
Lamarcus Joyner\JoynLa00,CB,LVR,$4600000
George Fant\FantGe00,T,NYJ,$4600000
Tevin Coleman\ColeTe01,RB,SFO,$4550000
Kyle Fuller\FullKy00,CB,CHI,$4500000
Nick Easton\EastNi00,C,NOR,$4500000
Desmond Trufant\TrufDe00,CB,DET,$4500000
Bradley Roby\RobyBr00,CB,HOU,$4500000
Nick Boyle\BoylNi00,TE,BAL,$4500000
Cole Beasley\BeasCo00,WR,BUF,$4400000
Preston Smith\SmitPr00,DE,GNB,$4350000
Robbie Gould\gouldrob01,K,SFO,$4350000
Jaquiski Tartt\TartJa00,SS,SFO,$4300000
Cameron Brate\BratCa00,TE,TAM,$4250000
Kenny Vaccaro\VaccKe00,FS,TEN,$4250000
Brandon Williams\WillBr02,DT,BAL,$4250000
Tyler Boyd\BoydTy00,WR,CIN,$4200000
Matthew Ioannidis\IoanMa01,DT,WAS,$4200000
Cordarrelle Patterson\PattCo00,WR,CHI,$4150000
Malcom Brown\BrowMa01,DT,NOR,$4100000
Jarran Reed\ReedJa02,DT,SEA,$4100000
Fletcher Cox\CoxxFl00,DT,PHI,$4035000
Kareem Hunt\HuntKa00,RB,CLE,$4009000
Jamie Collins\CollJa00,OLB,DET,$4000000
Ka'imi Fairbairn\FairKa01,K,HOU,$4000000
Blake Martinez\MartBl01,ILB,NYG,$4000000
Micah Hyde\HydeMi00,CB,BUF,$4000000
Halapoulivaati Vaitai\VaitHa00,OT,DET,$4000000
Shaq Thompson\ThomSh01,OLB,CAR,$4000000
Mark Ingram\IngrMa01,RB,BAL,$4000000
Vince Williams\WillVi01,ILB,PIT,$4000000
Nick Foles\FoleNi00,QB,CHI,$4000000
J.C. Tretter\TretJC00,OG,CLE,$4000000
Mike Evans\EvanMi00,WR,TAM,$4000000
Robby Anderson\AndeRo04,WR,CAR,$4000000
Shawn Williams\WillSh02,SS,CIN,$3935000
James Bradberry\BradJa00,CB,NYG,$3900000
Jesse Davis\DaviJe00,T,MIA,$3855000
Jesse James\JameJe00,TE,DET,$3800000
Jakeem Grant\GranJa00,WR,MIA,$3780000
Randall Cobb\CobbRa00,WR,HOU,$3750000
Emmanuel Ogbah\OgbaEm00,DE,MIA,$3750000
James Carpenter\CarpJa00,LG,ATL,$3750000
Quinton Jefferson\JeffQu00,DT,BUF,$3750000
Johnathan Hankins\HankJo00,DT,LVR,$3750000
Willie Snead\SneaWi00,WR,BAL,$3662059
Bradley McDougald\McDoBr01,FS,NYJ,$3600000
Daniel Sorensen\SoreDa01,S,KAN,$3600000
Shamar Stephen\StepSh00,DT,MIN,$3600000
Duke Johnson\JohnDu00,RB,HOU,$3600000
Jake Matthews\MattJa00,OT,ATL,$3550000
Justin Tucker\TuckJu00,K,BAL,$3500000
Vic Beasley\BeasVi00,OLB,2TM,$3500000
Todd Gurley\GurlTo01,RB,ATL,$3500000
J.R. Sweezy\SweeJ.00,G,ARI,$3500000
Johnny Hekker\HekkJo00,P,LAR,$3500000
Jason Witten\WittJa00,TE,LVR,$3500000
Duron Harmon\HarmDu00,FS,DET,$3500000
Abry Jones\JoneAb00,DT,JAX,$3400000
Tyler Kroft\KrofTy00,TE,BUF,$3400000
Jalen Richard\RichJa01,RB,LVR,$3375000
Julian Edelman\EdelJu00,WR,NWE,$3300000
Adam Butler\ButlAd00,DT,NWE,$3259000
Elijah Wilkinson\WilkEl00,OT,DEN,$3259000
Nicholas Morrow\MorrNi00,LB,LVR,$3259000
Jacob Hollister\HollJa03,TE,SEA,$3259000
Michael Davis\DaviMi03,,LAC,$3259000
Matt Feiler\FeilMa00,T,PIT,$3259000
Zane Gonzalez\GonzZa00,K,ARI,$3259000
Roy Robertson-Harris\RobeRo00,DE,CHI,$3259000
Keelan Cole\ColeKe00,WR,JAX,$3259000
Mike Hilton\HiltMi01,CB,PIT,$3259000
Kendrick Bourne\BourKe00,WR,SFO,$3259000
Eric Wilson\WilsEr00,ILB,MIN,$3259000
Mike Purcell\PurcMi00,DT,DEN,$3259000
Matt Breida\BreiMa00,RB,MIA,$3259000
Quinton Dunbar\DunbQu00,CB,SEA,$3250000
Damien Wilson\WilsDa02,ILB,KAN,$3200000
Jonathan Jones\JoneJo03,DB,NWE,$3200000
Wil Lutz\LutzWi00,K,NOR,$3100000
Lawrence Guy\GuyxLa00,DT,NWE,$3100000
Seth Roberts\RobeSe00,WR,CAR,$3100000
Ty Nsekhe\NsekTy00,T,BUF,$3100000
Giovani Bernard\BernGi00,RB,CIN,$3100000
C.J. Uzomah\UzomC.00,TE,CIN,$3050000
Jimmy Graham\GrahJi00,TE,CHI,$3000000
Everson Griffen\GrifEv99,DE,2TM,$3000000
Vonn Bell\BellVo00,SS,CIN,$3000000
Ndamukong Suh\SuhxNd99,DT,TAM,$3000000
Robert Quinn\QuinRo00,DE,CHI,$3000000
James White\WhitJa02,RB,NWE,$3000000
Breshad Perriman\PerrBr02,WR,NYJ,$3000000
Derrick Henry\HenrDe00,RB,TEN,$3000000
David Andrews\AndrDa00,C,NWE,$3000000
Danny Trevathan\TrevDa00,OLB,CHI,$3000000
Corey Peters\PeteCo00,DT,ARI,$3000000
Josh Lambo\LambJo00,K,JAX,$3000000
Kyle Van Noy\VanNKy00,OLB,MIA,$3000000
Ted Karras\KarrTe00,OG,MIA,$3000000
Brandon McManus\McMaBr01,K,DEN,$3000000
Tavon Young\YounTa01,CB,BAL,$2986000
Mike Davis\DaviMi01,RB,CAR,$2950000
Austin Blythe\BlytAu00,C,LAR,$2950000
Thomas Morstead\MorsTh00,P,NOR,$2950000
Nick Williams\WillNi01,DT,DET,$2900000
Raheem Mostert\MostRa00,RB,SFO,$2875000
Jeff Heath\HeatJe00,S,LVR,$2850000
Maxx Williams\WillMa04,TE,ARI,$2850000
Bobby Hart\HartBo00,OG,CIN,$2850000
Troy Hill\HillTr01,CB,LAR,$2850000
Latavius Murray\MurrLa00,RB,NOR,$2800000
Josh Norman\NormJo01,CB,BUF,$2800000
Vernon Butler\ButlVe00,DT,BUF,$2800000
John Ross\RossJo00,WR,CIN,$2798981
Tyson Alualu\AluaTy99,DT,PIT,$2750000
Romeo Okwara\OkwaRo01,DE,DET,$2750000
Eric Murray\MurrEr00,CB,HOU,$2750000
Avery Williamson\WillAv00,ILB,2TM,$2750000
Darren Fells\FellDa01,TE,HOU,$2750000
Virgil Green\GreeVi00,TE,LAC,$2700000
Bradley Pinion\PiniBr00,P,TAM,$2700000
Matt Prater\PratMa20,K,DET,$2700000
Markus Golden\GoldMa00,OLB,2TM,$2651319
Jon Feliciano\FeliJo00,OG,BUF,$2650000
Lee Smith\SmitLe00,TE,BUF,$2650000
Jason McCourty\McCoJa99,DB,NWE,$2650000
Kyler Fackrell\FackKy00,OLB,NYG,$2600000
Jason Myers\MyerJa00,K,SEA,$2600000
Marshon Lattimore\LattMa01,CB,NOR,$2559486
Trey Hopkins\HopkTr01,G,CIN,$2550000
Brandon Dunn\DunnBr00,DT,HOU,$2500000
Kevin Huber\HubeKe20,P,CIN,$2500000
Bruce Irvin\IrviBr00,DE,SEA,$2500000
Arik Armstead\ArmsAr01,DE,SFO,$2500000
Jimmy Smith\SmitJi03,CB,BAL,$2500000
Zach Fulton\FultZa00,OG,HOU,$2500000
Joe Schobert\SchoJo00,OLB,JAX,$2500000
Terrance Mitchell\MitcTe00,CB,CLE,$2500000
Graham Glasgow\GlasGr00,OG,DEN,$2500000
Jarrod Wilson\WilsJa00,S,JAX,$2450000
Dustin Hopkins\HopkDu00,K,WAS,$2400000
Erik Harris\HarrEr00,DB,LVR,$2350000
Harrison Butker\ButkHa00,K,KAN,$2345000
Haason Reddick\ReddHa00,OLB,ARI,$2302904
Joe Looney\LoonJo01,G,DAL,$2300000
Austin Reiter\ReitAu00,C,KAN,$2275000
Chris Conley\ConlCh00,WR,JAX,$2275000
Blake Jarwin\JarwBl00,TE,DAL,$2250000
Devin McCourty\McCoDe99,DB,NWE,$2250000
Ricky Wagner\WagnRi00,OT,GNB,$2250000
Quinton Spain\SpaiQu00,OG,2TM,$2250000
Stephen Weatherly\WeatSt00,OLB,CAR,$2250000
Kendall Lamm\LammKe00,T,CLE,$2250000
Derek Wolfe\WolfDe00,DT,BAL,$2250000
Cameron Jordan\JordCa00,DE,NOR,$2250000
Mackensie Alexander\AlexMa01,CB,CIN,$2250000
Derek Barnett\BarnDe01,DE,PHI,$2217378
Billy Turner\TurnBi00,OT,GNB,$2200000
A.J. Klein\KleiAJ00,ILB,BUF,$2200000
Malik Hooker\HookMa00,FS,IND,$2183169
Eric Rowe\RoweEr00,CB,MIA,$2175000
Stephen Hauschka\HausSt00,K,JAX,$2175000
Demarcus Robinson\RobiDe01,WR,KAN,$2160000
Chris Hubbard\HubbCh00,G,CLE,$2150000
K'Waun Williams\WillKW00,DB,SFO,$2150000
Ahkello Witherspoon\WithAh00,CB,SFO,$2133000
Brian Hill\HillBr02,RB,ATL,$2133000
Carl Lawson\LawsCa00,DE,CIN,$2133000
Anthony Walker\WalkAn01,LB,IND,$2133000
Chris Godwin\GodwCh00,WR,TAM,$2133000
Dede Westbrook\WestDe00,WR,JAX,$2133000
Aaron Jones\JoneAa00,RB,GNB,$2133000
Matt Haack\HaacMa00,P,MIA,$2133000
Chase Roullier\RoulCh00,C,WAS,$2133000
Jonnu Smith\SmitJo01,TE,TEN,$2133000
Davon Godchaux\GodcDa00,DT,MIA,$2133000
Marlon Mack\MackMa00,RB,IND,$2133000
Grover Stewart\StewGr00,DT,IND,$2133000
Jermaine Eluemunor\ElueJe00,OG,NWE,$2133000
Brandon Wilson\WilsBr01,CB,CIN,$2133000
Jourdan Lewis\LewiJo01,CB,DAL,$2133000
Deatrich Wise Jr.\WiseDe00,DE,NWE,$2133000
Jayon Brown\BrowJa06,ILB,TEN,$2133000
Chris Wormley\WormCh00,DT,PIT,$2133000
Pat Elflein\ElflPa00,C,2TM,$2133000
Dan Feeney\FeenDa00,OG,LAC,$2133000
Julie'n Davenport\DaveJu00,OT,MIA,$2133000
Shaquill Griffin\GrifSh00,DB,SEA,$2133000
Jamaal Williams\WillJa06,RB,GNB,$2133000
Sam Tevi\TeviSa00,OT,LAC,$2133000
Kenny Golladay\GollKe00,WR,DET,$2133000
Rayshawn Jenkins\JenkRa00,FS,LAC,$2133000
Josh Reynolds\ReynJo00,WR,LAR,$2133000
Jeremy Sprinkle\SpriJe00,TE,WAS,$2133000
Matt Milano\MilaMa00,OLB,BUF,$2133000
Nate Hairston\HairNa00,CB,2TM,$2133000
Fabian Moreau\MoreFa00,CB,WAS,$2133000
Damontae Kazee\KazeDa00,CB,ATL,$2133000
Cethan Carter\CartCe00,TE,CIN,$2133000
Xavier Woods\WoodXa00,SS,DAL,$2133000
John Johnson\JohnJo10,S,LAR,$2133000
Dylan Cole\ColeDy00,LB,HOU,$2133000
Larry Ogunjobi\OgunLa00,DT,CLE,$2133000
Matt Skura\SkurMa01,C,BAL,$2133000
Chris Carson\CarsCh00,RB,SEA,$2133000
Samson Ebukam\EbukSa00,OLB,LAR,$2133000
George Kittle\KittGe00,TE,SFO,$2133000
Al-Quadin Muhammad\MuhaAl00,DE,IND,$2133000
Marlon Humphrey\HumpMa00,CB,BAL,$2080566
Jonathan Allen\AlleJo01,DT,WAS,$2046324
Adoree' Jackson\JackAd00,CB,TEN,$2003561
Drew Brees\BreeDr00,QB,NOR,$2000000
Jason Kelce\KelcJa00,C,PHI,$2000000
Dontari Poe\PoexDo00,DT,DAL,$2000000
Andy Lee\LeexAn20,P,ARI,$2000000
Matt Schaub\SchaMa00,QB,ATL,$2000000
Za'Darius Smith\SmitZa00,DE,GNB,$2000000
Jalen Mills\MillJa02,CB,PHI,$2000000
Michael Brockers\BrocMi00,DT,LAR,$2000000
Shelby Harris\HarrSh00,DE,DEN,$2000000
Jordan Phillips\PhilJo01,DT,ARI,$2000000
Greg Mancz\MancGr00,C,HOU,$2000000
D.J. Reader\ReadD.00,DT,CIN,$2000000
Alex Okafor\OkafAl00,DE,KAN,$2000000
Eli Apple\ApplEl00,CB,CAR,$2000000
Emmanuel Sanders\SandEm00,WR,NOR,$2000000
Chris Harris Jr.\HarrCh01,CB,LAC,$2000000
Stephen Gostkowski\GostSt20,K,TEN,$2000000
Brian Winters\WintBr00,OG,BUF,$2000000
Dante Fowler\FowlDa00,OLB,ATL,$2000000
Chuck Clark\ClarCh00,FS,BAL,$2000000
A.J. McCarron\McCaA.00,QB,HOU,$2000000
Rigoberto Sanchez\SancRi00,P,IND,$2000000
Robert Griffin III\GrifRo01,QB,BAL,$2000000
Tyler Higbee\HigbTy00,TE,LAR,$2000000
Sean Lee\LeexSe99,LB,DAL,$2000000
Leonard Fournette\FourLe00,RB,TAM,$2000000
O.J. Howard\HowaO.00,TE,TAM,$1977903
Minkah Fitzpatrick\FitzMi00,FS,PIT,$1975252
Ereck Flowers\FlowEr00,OT,MIA,$1975000
Garett Bolles\BollGa00,OT,DEN,$1969351
Jarrad Davis\DaviJa01,ILB,DET,$1960798
Charles Harris\HarrCh03,DE,ATL,$1943692
Evan Engram\EngrEv00,TE,NYG,$1926587
Clelin Ferrell\FerrCl00,EDGE,LVR,$1920492
Chris Jones\JoneCh02,P,DAL,$1900000
DeMarcus Lawrence\LawrDe00,DE,DAL,$1900000
Nick Vigil\VigiNi00,ILB,LAC,$1900000
Brett Kern\KernBr20,P,TEN,$1900000
Jabrill Peppers\PeppJa00,SS,NYG,$1875271
Patrick Robinson\RobiPa99,DB,NOR,$1870000
P.J. Williams\WillP.00,CB,NOR,$1870000
Miles Killebrew\KillMi00,SS,DET,$1862500
Takkarist McKinley\McKiTa00,OLB,ATL,$1858163
Vita Vea\VeaxVi00,DT,TAM,$1827658
Laken Tomlinson\TomlLa01,OG,SFO,$1825000
Daron Payne\PaynDa00,DT,WAS,$1790760
John Miller\MillJo04,OG,CAR,$1790000
Josh Hill\HillJo02,TE,NOR,$1785000
David Njoku\NjokDa00,TE,CLE,$1763877
Jordan Howard\HowaJo00,RB,2TM,$1750000
Tyler Matakevich\MataTy00,ILB,BUF,$1750000
Greg Olsen\OlseGr00,TE,SEA,$1750000
Adrian Clayborn\ClayAd00,DL,CLE,$1750000
Derek Carrier\CarrDe00,WR,LVR,$1750000
Zach Banner\BannZa00,OG,PIT,$1750000
L.J. Fort\FortL.00,LB,BAL,$1750000
Christian Kirksey\KirkCh00,OLB,GNB,$1750000
Pat O'Donnell\ODonPa00,P,CHI,$1750000
Ben Garland\GarlBe00,DL,SFO,$1750000
Anthony Brown\BrowAn02,CB,DAL,$1750000
Adrian Amos\AmosAd00,FS,GNB,$1750000
Marcus Davenport\DaveMa00,DE,NOR,$1729263
T.J. Watt\WattT.00,OLB,PIT,$1727532
Kolton Miller\MillKo00,OT,LVR,$1704666
Craig Robertson\RobeCr00,LB,NOR,$1700000
Kenny Clark\ClarKe01,DT,GNB,$1690000
Sheldon Rankins\RankSh00,DT,NOR,$1690000
Ryan Ramczyk\RamcRy00,OT,NOR,$1677485
Anthony Levine\LeviAn00,S,BAL,$1675000
Cooper Kupp\KuppCo00,WR,LAR,$1633000
Tremaine Edmunds\EdmuTr01,ILB,BUF,$1630868
Damion Square\SquaDa00,DE,LAC,$1612500
Tress Way\WayxTr00,P,WAS,$1600000
Matthew Slater\SlatMa00,WR,NWE,$1600000
Alex Erickson\EricAl01,WR,CIN,$1600000
Jaire Alexander\AlexJa00,CB,GNB,$1575522
Leighton Vander Esch\VandLe00,OLB,DAL,$1557071
Frank Ragnow\RagnFr00,C,DET,$1550922
Aaron Rodgers\RodgAa00,QB,GNB,$1550000
Joe Haeg\HaegJo00,OT,TAM,$1550000
Billy Price\PricBi01,C,CIN,$1544772
Chris Moore\MoorCh00,WR,BAL,$1535000
Rashaan Evans\EvanRa01,ILB,TEN,$1532472
Josh Allen\AlleJo03,EDGE,JAX,$1528756
Randy Bullock\BullRa00,K,CIN,$1525000
Jordan Poyer\PoyeJo00,CB,BUF,$1525000
Isaiah Wynn\WynnIs00,OT,NWE,$1520173
Linval Joseph\JoseLi99,DT,LAC,$1500000
Matt Barkley\BarkMa00,QB,BUF,$1500000
Danny Shelton\ShelDa01,DT,DET,$1500000
John Simon\SimoJo01,DE,NWE,$1500000
Cameron Heyward\HeywCa01,DE,PIT,$1500000
Clayton Fejedelem\FejeCl00,FS,MIA,$1500000
Karl Joseph\JoseKa00,SS,CLE,$1500000
Jimmie Ward\WardJi01,SS,SFO,$1500000
Xavier Rhodes\RhodXa00,CB,IND,$1500000
Bryan Bulaga\BulaBr20,T,LAC,$1500000
Justin Bethel\BethJu00,CB,NWE,$1500000
Cameron Fleming\FlemCa00,OT,NYG,$1500000
Case Keenum\KeenCa00,QB,CLE,$1500000
Daryl Worley\WorlDa00,CB,3TM,$1500000
Ben Roethlisberger\RoetBe00,QB,PIT,$1500000
DeAndre Hopkins\HopkDe00,WR,ARI,$1500000
Dennis Kelly\KellDe00,OT,TEN,$1500000
Kevin Johnson\JohnKe04,CB,CLE,$1500000
Carlos Hyde\HydeCa00,RB,SEA,$1500000
Brian Poole\PoolBr01,S,NYJ,$1500000
Thomas Davis\DaviTh20,LB,WAS,$1500000
Danny Amendola\AmenDa00,WR,DET,$1500000
Austin Hooper\HoopAu00,TE,CLE,$1500000
Jordan Jenkins\JenkJo01,OLB,NYJ,$1500000
Austin Ekeler\EkelAu00,RB,LAC,$1500000
David Mayo\MayoDa00,ILB,NYG,$1500000
D.J. Moore\MoorD.00,WR,CAR,$1495574
Hayden Hurst\HursHa00,TE,ATL,$1483275
Joe Dahl\DahlJo00,OG,DET,$1475000
Calvin Ridley\RidlCa00,WR,ATL,$1470974
B.J. Finney\FinnB.01,C,2TM,$1470588
Rashaad Penny\PennRa00,RB,SEA,$1458676
Terrell Edmunds\EdmuTe00,S,PIT,$1452526
Kevin King\KingKe01,CB,GNB,$1430575
Cam Robinson\RobiCa00,OT,JAX,$1422022
Taven Bryan\BryaTa00,DT,JAX,$1403178
Denzelle Good\GoodDe01,OT,LVR,$1400000
T.J. Yeldon\YeldT.00,RB,BUF,$1400000
Mason Crosby\CrosMa20,K,GNB,$1400000
Ed Oliver\OlivEd00,DL,BUF,$1389325
Carson Wentz\WentCa00,QB,PHI,$1383000
Mike Hughes\HughMi00,CB,MIN,$1377044
Chris Reed\ReedCh00,G,CAR,$1375000
Tyler Shatley\ShatTy00,OG,JAX,$1375000
Forrest Lamp\LampFo00,OG,LAC,$1374125
Austin Johnson\JohnAu01,DT,NYG,$1362500
Brandon Graham\GrahBr99,DE,PHI,$1360000
Marcus Maye\MayeMa00,FS,NYJ,$1358733
Sony Michel\MichSo00,RB,NWE,$1355154
Devin Bush Jr.\BushDe01,LB,PIT,$1352808
Mark Nzeocha\NzeoMa00,OLB,SFO,$1350000
Lamar Jackson\JackLa00,QB,BAL,$1341059
Zay Jones\JoneZa00,WR,LVR,$1339522
Marcus Williams\WillMa06,FS,NOR,$1315969
DeVante Parker\ParkDe01,WR,MIA,$1300000
Cedric Ogbuehi\OgbuCe00,OT,SEA,$1300000
Andre Roberts\RobeAn00,WR,BUF,$1300000
Daryl Williams\WillDa06,OT,BUF,$1300000
Vinny Curry\CurrVi00,DE,PHI,$1300000
Joe Mixon\MixoJo00,RB,CIN,$1300000
Tyler Larsen\LarsTy00,C,CAR,$1300000
Senio Kelemete\KeleSe00,T,HOU,$1300000
Jonah Williams\WillJo10,OL,CIN,$1296371
Gerald Everett\EverGe00,TE,LAR,$1289246
Adam Shaheen\ShahAd00,TE,MIA,$1270982
Deon Bush\BushDe00,FS,CHI,$1262500
Quincy Wilson\WilsQu01,CB,NYJ,$1251310
Dion Dawkins\DawkDi00,OG,BUF,$1250441
Ryan Smith\SmitRy00,CB,TAM,$1250000
Logan Thomas\ThomLo00,QB/TE,WAS,$1250000
Jack Doyle\DoylJa00,TE,IND,$1250000
Bryan Anger\AngeBr00,P,HOU,$1250000
Bryce Callahan\CallBr00,CB,DEN,$1250000
Johnathan Joseph\JoseJo20,DB,2TM,$1250000
Cameron Erving\ErviCa00,OT,DAL,$1250000
Christian Covington\CoviCh00,DT,CIN,$1250000
Kerry Hyder\HydeKe01,DT,SFO,$1250000
Chase Daniel\DaniCh00,QB,DET,$1250000
Ronald Darby\DarbRo00,CB,WAS,$1250000
Greg Zuerlein\ZuerGr00,K,DAL,$1250000
Adrian Phillips\PhilAd00,DB,NWE,$1250000
Chad Henne\HennCh01,QB,KAN,$1250000
Ezekiel Ansah\AnsaEz00,DE,SFO,$1250000
Pierre Desir\DesiPi00,CB,2TM,$1250000
Tyus Bowser\BowsTy00,OLB,BAL,$1225310
Levine Toilolo\ToilLe00,TE,NYG,$1225000
Curtis Samuel\SamuCu00,WR,CAR,$1220044
Rashan Gary\GaryRa00,DL,GNB,$1216696
Jalen Ramsey\RamsJa00,CB,LAR,$1203000
Le'Raven Clark\ClarLe01,OT,IND,$1200000
Mike Iupati\IupaMi20,G,SEA,$1200000
Christian Wilkins\WilkCh00,DL,MIA,$1196777
Ryan Anderson\AndeRy00,OLB,WAS,$1191099
Deshaun Watson\WatsDe00,QB,HOU,$1177123
Austin Corbett\CorbAu00,C,LAR,$1163490
Chris Lindstrom\LindCh00,OL,ATL,$1161503
Ryan Griffin\GrifRy00,TE,NYJ,$1160000
Tre Boston\BostTr00,FS,CAR,$1160000
Will Hernandez\HernWi00,OG,NYG,$1157340
DeMarcus Walker\WalkDe03,DE,DEN,$1156890
Nick Chubb\ChubNi00,RB,CLE,$1151190
Dwayne Haskins\HaskDw00,QB,WAS,$1150301
Eric Kendricks\KendEr00,ILB,MIN,$1150000
Andy Janovich\JanoAn00,FB,CLE,$1150000
Demetrius Harris\HarrDe03,TE,CHI,$1150000
Kevin Pierre-Louis\PierKe00,OLB,WAS,$1150000
Demar Dotson\DotsDe00,T,DEN,$1150000
Darius Leonard\LeonDa00,LB,IND,$1138891
Justin Hardee\HardJu01,DB,NOR,$1135000
Braden Smith\SmitBr06,OG,IND,$1133972
Tarik Cohen\CoheTa00,RB,CHI,$1133000
Desmond King\KingDe01,FS,2TM,$1129235
Brennan Scarlett\ScarBr00,LB,HOU,$1125000
Roderick Johnson\JohnRo06,OT,HOU,$1125000
Ronald Jones II\JoneRo01,RB,TAM,$1122901
James Daniels\DaniJa01,C,CHI,$1111833
Brian Burns\BurnBr00,EDGE,CAR,$1110463
Raekwon McMillan\McMiRa02,ILB,LVR,$1105573
Courtland Sutton\SuttCo00,WR,DEN,$1101993
MyCole Pruitt\PruiMy00,TE,TEN,$1100000
Marcedes Lewis\LewiMa00,TE,GNB,$1100000
Sam Koch\KochSa20,P,BAL,$1100000
Nate Sudfeld\SudfNa00,QB,PHI,$1100000
Brandon Shell\ShelBr00,OT,SEA,$1100000
Dion Lewis\LewiDi00,RB,NYG,$1100000
Tyron Smith\SmitTy00,OT,DAL,$1100000
Cody Whitehair\WhitCo03,OG,CHI,$1100000
Cody Davis\DaviCo02,S,NWE,$1100000
Morgan Cox\CoxxMo00,C,BAL,$1100000
LeShaun Sims\SimsLe00,CB,CIN,$1100000
Vance McDonald\McDoVa00,TE,PIT,$1100000
Alex Lewis\LewiAl01,OT,NYJ,$1100000
Dexter Lawrence\LawrDe03,DL,NYG,$1097184
Harold Landry\LandHa00,OLB,TEN,$1092153
Dalvin Tomlinson\TomlDa00,DT,NYG,$1088468
Mike Gesicki\GesiMi00,TE,MIA,$1081084
Garrett Bradbury\BradGa00,OL,MIN,$1080585
Zach Cunningham\CunnZa00,OLB,HOU,$1074783
Kerryon Johnson\JohnKe06,RB,DET,$1071245
Jeffery Simmons\SimmJe01,DL,TEN,$1070625
Noah Fant\FantNo00,TE,DEN,$1067306
Ethan Pocic\PociEt00,C,SEA,$1066231
Darnell Savage Jr.\SavaDa00,S,GNB,$1063986
Nevin Lawson\LawsNe00,CB,LVR,$1062500
Dante Pettis\PettDa00,WR,2TM,$1061869
Tytus Howard\HowaTy00,,HOU,$1050707
Oday Aboushi\AbouOd00,OT,DET,$1050000
Josh Harris\HarrJo02,LS,ATL,$1050000
Rodney McLeod\McLeRo00,S,PHI,$1050000
John Jenkins\JenkJo00,DT,CHI,$1050000
Kevin Minter\MintKe00,ILB,TAM,$1050000
Joe Haden\HadeJo99,DB,PIT,$1050000
Graham Gano\GanoGr44,K,NYG,$1050000
Tom Compton\CompTo00,T,SFO,$1050000
D.J. Swearinger\SweaDJ00,FS,NOR,$1050000
Benson Mayowa\MayoBe00,DE,SEA,$1050000
Jordan Reed\ReedJo02,TE,SFO,$1050000
Janoris Jenkins\JenkJa03,CB,NOR,$1050000
Kyle Nelson\NelsKy00,TE,SFO,$1050000
Nate Ebner\EbneNa00,DB,NYG,$1050000
Stefen Wisniewski\WisnSt01,LG,2TM,$1050000
A.Q. Shipley\ShipA.20,C,TAM,$1050000
L.P. Ladouceur\LadoL.20,LS,DAL,$1050000
Eddie Jackson\JackEd01,SS,CHI,$1050000
Colt McCoy\McCoCo00,QB,NYG,$1050000
Geno Smith\SmitGe00,QB,SEA,$1050000
Chris Thompson\ThomCh03,RB,JAX,$1050000
J.J. Jansen\JansJ.00,C,CAR,$1050000
Jake McQuaide\McQuJa00,LS,LAR,$1050000
Mike Daniels\DaniMi00,DT,CIN,$1050000
Daniel Kilgore\KilgDa00,G,KAN,$1050000
Dre Kirkpatrick\KirkDr00,CB,ARI,$1050000
Blidi Wreh-Wilson\WrehBl00,CB,ATL,$1050000
Barkevious Mingo\MingBa00,OLB,CHI,$1050000
Lane Johnson\JohnLa01,OT,PHI,$1050000
Blaine Gabbert\GabbBl00,QB,TAM,$1050000
Dustin Colquitt\ColqDu20,P,2TM,$1050000
Josh Bynes\ByneJo00,LB,CIN,$1050000
Clark Harris\HarrCl20,TE,CIN,$1050000
Jack Crawford\CrawJa00,DE,TEN,$1050000
Pernell McPhee\McPhPe00,DL,BAL,$1050000
Brian Hoyer\HoyeBr00,QB,NWE,$1050000
Nick Bellore\BellNi01,LB,SEA,$1050000
Demario Davis\DaviDe00,OLB,NOR,$1050000
Luke Stocker\StocLu00,TE,ATL,$1050000
Kyle Wilber\WilbKy00,OLB,LVR,$1050000
Ryan Succop\SuccRy44,K,TAM,$1050000
Rex Burkhead\BurkRe00,RB,NWE,$1050000
Britton Colquitt\ColqBr00,P,MIN,$1050000
Darius Slay\SlayDa00,CB,PHI,$1050000
Kelechi Osemele\OsemKe00,T,KAN,$1050000
Malcolm Smith\SmitMa02,OLB,CLE,$1050000
Mike Glennon\GlenMi00,QB,JAX,$1050000
Beau Brinkley\BrinBe00,LS,TEN,$1050000
LaRoy Reynolds\ReynLa00,LB,ATL,$1050000
Andrew Sendejo\SendAn00,DB,CLE,$1050000
Anthony Sherman\SherAn00,RB,KAN,$1050000
Maurkice Pouncey\PounMa20,C,PIT,$1050000
Sam Young\YounSa21,T,LVR,$1050000
David DeCastro\DeCaDa00,G,PIT,$1050000
Luke Willson\WillLu00,TE,2TM,$1050000
Tashaun Gipson\GipsTa00,DB,CHI,$1050000
Chris Banjo\BanjCh00,S,ARI,$1050000
Cam Newton\NewtCa00,QB,NWE,$1050000
Jason Peters\PeteJa21,T,PHI,$1050000
Nickell Robey-Coleman\RobeNi00,CB,PHI,$1050000
LeSean McCoy\McCoLe01,RB,TAM,$1050000
Ted Ginn Jr.\GinnTe00,WR,CHI,$1050000
Joe Flacco\FlacJo00,QB,NYJ,$1050000
Aaron Brewer\BrewAa00,LS,ARI,$1050000
Tavon Wilson\WilsTa00,FS,IND,$1050000
Sherrick McManis\McMaSh99,DB,CHI,$1050000
Malcolm Jenkins\JenkMa99,DB,NOR,$1050000
Frank Gore\GoreFr00,RB,NYJ,$1050000
Neiko Thorpe\ThorNe00,DB,SEA,$1050000
Rodney Hudson\HudsRo00,OL,LVR,$1050000
Kelvin Beachum\BeacKe00,T,ARI,$1050000
Tahir Whitehead\WhitTa00,OLB,CAR,$1050000
Sam Martin\MartSa01,P,DEN,$1050000
Nick Sundberg\SundNi00,C,WAS,$1050000
Terron Armstead\ArmsTe00,OT,NOR,$1050000
Matt Ryan\RyanMa00,QB,ATL,$1050000
Tavon Austin\AustTa00,WR,GNB,$1050000
Don Muhlbach\MuhlDo20,C,DET,$1050000
Dan Bailey\BailDa00,K,MIN,$1050000
D.J. Fluker\FlukDJ00,OT,BAL,$1050000
Michael Thomas\ThomMi02,S,HOU,$1050000
Mike Remmers\RemmMi00,T,KAN,$1050000
Adrian Peterson\PeteAd01,RB,DET,$1050000
Jon Weeks\WeekJo00,C,HOU,$1050000
Logan Ryan\RyanLo00,CB,NYG,$1050000
Taiwan Jones\JoneTa00,RB,BUF,$1050000
Malik Jackson\JackMa02,DT,PHI,$1050000
Allen Bailey\BailAl00,DL,ATL,$1050000
Chidobe Awuzie\AwuzCh00,CB,DAL,$1049126
Josh Jackson\JackJo01,CB,GNB,$1048736
Jared Goff\GoffJa00,QB,LAR,$1042682
Josh Jacobs\JacoJo01,RB,LVR,$1037427
JuJu Smith-Schuster\SmitJu00,WR,PIT,$1037152
Deshazor Everett\EverDe01,CB,WAS,$1035000
Taylor Moton\MotoTa00,OT,CAR,$1032021
Marquise Brown\BrowMa04,WR,BAL,$1030788
Tanoh Kpassagnon\KpasTa00,DE,KAN,$1029257
Montez Sweat\SweaMo00,EDGE,WAS,$1024148
Johnathan Abram\AbraJo01,S,LVR,$1017509
Christian Kirk\KirkCh01,WR,ARI,$1015897
Jerry Tillery\TillJe00,DL,LAC,$1014189
Uchenna Nwosu\NwosUc00,OLB,LAC,$1003598
Darian Thompson\ThomDa05,FS,DAL,$1000000
Wes Schweitzer\SchwWe00,OT,WAS,$1000000
Eric Ebron\EbroEr00,TE,PIT,$1000000
Malcolm Brown\BrowMa03,RB,LAR,$1000000
Tyler Eifert\EifeTy00,TE,JAX,$1000000
Darryl Roberts\RobeDa00,CB,DET,$1000000
David Onyemata\OnyeDa00,DT,NOR,$1000000
Patrick Ricard\RicaPa00,DE,BAL,$1000000
Kendall Fuller\FullKe00,CB,WAS,$1000000
Damiere Byrd\ByrdDa00,WR,NWE,$1000000
Jeremiah Attaochu\AttaJe00,OLB,DEN,$1000000
Patrick Onwuasor\OnwuPa00,LB,NYJ,$1000000
Javon Hargrave\HargJa00,DT,PHI,$1000000
Joe Thomas\ThomJo04,LB,DAL,$1000000
B.J. Goodson\GoodB.00,OLB,CLE,$1000000
Denzel Perryman\PerrDe00,ILB,LAC,$1000000
Nathan Peterman\PeteNa00,QB,LVR,$1000000
Neville Hewitt\HewiNe00,LB,NYJ,$1000000
Joey Bosa\BosaJo00,DE,LAC,$1000000
Budda Baker\BakeBu00,FS,ARI,$1000000
Ty Sambrailo\SambTy00,OT,TEN,$1000000
Michael Schofield\SchoMi00,OT,CAR,$1000000
Charley Hughlett\HughCh01,LS,CLE,$1000000
Rakeem Nunez-Roches\NuneRa00,DT,TAM,$1000000
Xavier Su'a-Filo\Sua-Xa00,OG,CIN,$1000000
Greg Van Roten\VanRGr00,G,NYJ,$1000000
Jeff Driskel\DrisJe00,QB,DEN,$1000000
Andrus Peat\PeatAn00,OT,NOR,$1000000
Michael Thomas\ThomMi05,WR,NOR,$1000000
Dean Lowry\LowrDe00,DE,GNB,$1000000
Nick Vannett\VannNi00,TE,DEN,$1000000
Shilique Calhoun\CalhSh00,DE,NWE,$1000000
Derek Watt\WattDe00,FB,PIT,$1000000
Blake Bell\BellBl00,TE,DAL,$1000000
Elandon Roberts\RobeEl00,ILB,MIA,$1000000
Dean Marlowe\MarlDe00,S,BUF,$1000000
Sheldon Day\DayxSh00,DT,IND,$1000000
Will Parks\ParkWi01,S,2TM,$1000000
Melvin Gordon\GordMe00,RB,DEN,$1000000
Andy Dalton\DaltAn00,QB,DAL,$1000000
Devon Kennard\KennDe00,OLB,ARI,$1000000
Kamu Grugier-Hill\GrugKa00,OLB,MIA,$1000000
De'Vondre Campbell\CampDe00,OLB,ARI,$1000000
Dallas Goedert\GoedDa00,TE,PHI,$991297
Brandon Carr\CarrBr99,DB,DAL,$988240
Mohamed Sanu\SanuMo00,WR,2TM,$988235
Nick Folk\FolkNi20,K,NWE,$988235
L.J. Collier\CollLJ00,DL,SEA,$987549
Kenny Wiggins\WiggKe00,T,DET,$986800
Connor Williams\WillCo00,OT,DAL,$978999
Anthony Miller\MillAn02,WR,CHI,$966700
Dawuane Smoot\SmooDa00,DE,JAX,$964353
Kaleb McGary\McGaKa00,OL,ATL,$961625
Jonathan Bostic\BostJo00,LB,WAS,$960000
Kemoko Turay\TuraKe00,OLB,IND,$954400
N'Keal Harry\HarrNK00,WR,NWE,$954016
Jameis Winston\WinsJa00,QB,NOR,$952000
J.D. McKissic\McKiJ.00,WR,WAS,$950000
C.J. Beathard\BeatC.00,QB,SFO,$946179
Devonta Freeman\FreeDe00,RB,NYG,$944118
M.J. Stewart\StewM.00,CB,CLE,$942101
Jessie Bates III\BateJe00,FS,CIN,$929801
Todd Davis\DaviTo01,LB,MIN,$926471
Patrick Omameh\OmamPa00,G,2TM,$926471
Donte Jackson\JackDo02,CB,CAR,$917502
Duke Dawson\DawsDu00,CB,DEN,$911352
Adarius Taylor\GlanAd00,LB,CAR,$910000
Dakota Dozier\DoziDa00,OT,MIN,$910000
T.J. Carrie\CarrTr00,CB,IND,$910000
Tyrell Adams\AdamTy00,LB,HOU,$910000
Terrence Brooks\BrooTe00,FS,NWE,$910000
Rob Havenstein\HaveRo00,OT,LAR,$910000
Senorise Perry\PerrSe00,RB,TEN,$910000
Julian Stanford\StanJu00,LB,CAR,$910000
Chaz Green\GreeCh02,OT,IND,$910000
Justin March-Lillard\MarcJu00,LB,DAL,$910000
Ty Montgomery\MontTy01,RB-WR,NOR,$910000
Darqueze Dennard\DennDa00,CB,ATL,$910000
Brent Qvale\QvalBr01,T,HOU,$910000
Ameer Abdullah\AbduAm00,RB,MIN,$910000
Jihad Ward\WardJi02,DE,BAL,$910000
Dwayne Washington\WashDw00,RB,NOR,$910000
C.J. Goodwin\GoodC.00,WR,DAL,$910000
Tony McRae\McRaTo00,CB,DET,$910000
Rick Lovato\LovaRi00,LS,PHI,$910000
Daniel Brown\BrowDa04,TE,NYJ,$910000
James O'Shaughnessy\O'ShJa00,TE,JAX,$910000
Geoff Swaim\SwaiGe00,TE,TEN,$910000
Christian Jones\JoneCh05,ILB,DET,$910000
Rashod Hill\HillRa01,T,MIN,$910000
Tyler Ott\OttxTy00,LS,SEA,$910000
Peyton Barber\BarbPe01,RB,WAS,$910000
Cory Littleton\LittCo01,LB,LVR,$910000
DeAndre Houston-Carson\HousDe00,FS,CHI,$910000
Nelson Agholor\AghoNe00,WR,LVR,$910000
Dee Ford\FordDe00,DE,SFO,$910000
Isaac Seumalo\SeumIs00,OG,PHI,$910000
Chris Manhertz\ManhCh00,TE,CAR,$910000
Germain Ifedi\IfedGe00,OT,CHI,$910000
Tyler Ervin\ErviTy00,RB,GNB,$910000
Cre'von LeBlanc\LeBlCr01,DB,PHI,$910000
James Winchester\WincJa00,LS,KAN,$910000
Nick Dzubnar\DzubNi00,LB,TEN,$910000
Luke Rhodes\RhodLu00,LB,IND,$910000
Hassan Ridgeway\RidgHa00,DT,PHI,$910000
Bruce Miller\MillBr02,FB,JAX,$910000
Dontrelle Inman\InmaDo00,WR,WAS,$910000
Tyeler Davison\DaviTy01,DT,ATL,$910000
Kevin Byard\ByarKe01,S,TEN,$910000
Brandon Copeland\CopeBr00,LB,NWE,$910000
Kameron Canaday\CanaKa00,LS,PIT,$910000
Patrick Scales\ScalPa00,LS,CHI,$910000
Sharrod Neasman\NeasSh00,S,ATL,$910000
Adam Gotsis\GotsAd00,DT,JAX,$910000
Cornelius Lucas\LucaCo01,T,WAS,$910000
Zach Kerr\KerrZa00,NT,CAR,$910000
Mario Edwards\EdwaMa01,DE,CHI,$910000
Christopher Milton\MiltCh00,CB,TEN,$910000
Justin Ellis\ElliJu01,DT,BAL,$910000
Cassius Marsh\MarsCa00,DE,3TM,$910000
Zack Martin\MartZa00,G,DAL,$910000
Trey Burton\BurtTr01,TE,IND,$910000
Pharoh Cooper\CoopPh00,WR,CAR,$910000
Jerick McKinnon\McKiJe00,RB,SFO,$910000
Steven Means\MeanSt00,DE,ATL,$910000
Josh Wells\WellJo02,T,TAM,$910000
Phillip Gaines\GainPh00,CB,HOU,$910000
Michael Burton\BurtMi00,FB,NOR,$910000
Richard Rodgers\RodgRi00,TE,PHI,$910000
Rashard Higgins\HiggRa00,WR,CLE,$910000
Devontae Booker\BookDe00,RB,LVR,$910000
Matthias Farley\FarlMa00,DB,NYJ,$910000
Tyreek Hill\HillTy00,WR,KAN,$910000
Riley Dixon\DixoRi00,P,NYG,$910000
Lane Taylor\TaylLa01,G,GNB,$910000
Chris Hogan\HogaCh00,WR,NYJ,$910000
Keith Smith\SmitKe03,LB,ATL,$910000
Andrew Adams\AdamAn00,FS,TAM,$910000
Steven Nelson\NelsSt01,CB,PIT,$910000
Angelo Blackson\BlacAn00,DT,ARI,$910000
Brent Urban\UrbaBr00,DE,CHI,$910000
Aldon Smith\SmitAl04,DE,DAL,$910000
Chris Boswell\BoswCh00,K,PIT,$910000
D.J. Humphries\HumpD.00,OT,ARI,$910000
Kavon Frazier\FrazKa00,FS,MIA,$910000
Casey Kreiter\KreiCa00,LS,NYG,$910000
Sean Davis\DaviSe00,FS,PIT,$910000
Juston Burris\BurrJu00,CB,CAR,$910000
Max Garcia\GarcMa00,C,ARI,$910000
William Compton\CompWi00,LB,TEN,$910000
Antonio Hamilton\HamiAn01,CB,KAN,$910000
Jason Verrett\VerrJa00,CB,SFO,$910000
Joe Cardona\CardJo00,LS,NWE,$910000
Isaiah Oliver\OlivIs00,CB,ATL,$901513
C.J. Ham\HamxC.00,RB,MIN,$900000
James Washington\WashJa00,WR,PIT,$889213
DJ Chark\CharDJ00,WR,JAX,$884294
Brian O'Neill\ONeiBr00,OT,MIN,$880603
Carlton Davis\DaviCa02,CB,TAM,$879374
Tyquan Lewis\LewiTy00,DE,IND,$876914
Lucas Patrick\PatrLu00,G,GNB,$875000
Jordan Willis\WillJo09,DE,2TM,$865250
Timmy Jernigan\JernTi00,DT,2TM,$864706
Jahleel Addae\AddaJa00,S,LAC,$864706
Myles Garrett\GarrMy00,DE,CLE,$862126
Byron Murphy\MurpBy00,CB,ARI,$858159
Alec Ogletree\OgleAl00,OLB,NYJ,$856471
Cairo Santos\SantCa01,K,CHI,$856471
Cody Parkey\ParkCo03,K,CLE,$856471
Anthony Chickillo\ChicAn00,DE,DEN,$856471
Dontae Johnson\JohnDo02,FS,SFO,$856471
Brett Jones\JoneBr04,C,MIN,$856471
John Wetzel\WetzJo00,T,ATL,$856471
Curtis Riley\RileCu00,CB,2TM,$856464
Rock Ya-Sin\Ya-SRo00,CB,IND,$854839
Brandon Parker\ParkBr01,OT,LVR,$852304
Lorenzo Carter\CartLo01,DE,NYG,$851226
Jawaan Taylor\TaylJa02,OL,JAX,$850632
Gardner Minshew II\MinsGa00,QB,JAX,$850000
Justin Reid\ReidJu00,FS,HOU,$849957
B.J. Hill\HillB.00,DT,NYG,$848690
Deebo Samuel\SamuDe00,WR,SFO,$844880
Fred Warner\WarnFr00,OLB,SFO,$844000
Greg Little\LittGr01,OL,CAR,$842224
Taysom Hill\HillTa00,QB,NOR,$841000
Mason Rudolph\RudoMa00,QB,PIT,$836554
Cody Ford\FordCo00,OL,BUF,$835419
Alvin Kamara\KamaAl00,RB,NOR,$833000
Royce Freeman\FreeRo00,RB,DEN,$832000
Sean Murphy-Bunting\BuntSe00,CB,TAM,$830273
Jamal Agnew\AgneJa00,CB,DET,$825000
Tedric Thompson\ThomTe00,SS,KAN,$825000
Ricky Seals-Jones\SealRi00,WR,KAN,$825000
Eli Ankou\AnkoEl00,DT,DAL,$825000
Dalvin Cook\CookDa01,RB,MIN,$825000
KeiVarae Russell\RussKe00,CB,GNB,$825000
Antony Auclair\AuclAn00,TE,TAM,$825000
Vernon Hargreaves III\HargVe00,CB,HOU,$825000
Vincent Taylor\TaylVi00,DT,CLE,$825000
Isaiah McKenzie\McKeIs00,WR,BUF,$825000
Montravius Adams\AdamMo00,DT,GNB,$825000
Jojo Natson\NatsJo00,WR,CLE,$825000
Trey Hendrickson\HendTr00,DE,NOR,$825000
Randy Gregory\GregRa00,DE,DAL,$825000
Trevon Coley\ColeTr01,DL,ARI,$825000
Isaac Rochell\RochIs00,DE,LAC,$825000
David Moore\MoorDa03,WR,SEA,$825000
Tanner Vallejo\VallTa00,ILB,ARI,$825000
Mike Williams\WillMi07,WR,LAC,$825000
Rashaad Coward\CowaRa00,DT,CHI,$825000
Jaleel Johnson\JohnJa09,DT,MIN,$825000
Wayne Gallman\GallWa00,RB,NYG,$825000
Alex Armah\ArmaAl00,FB,CAR,$825000
Reid Ferguson\FergRe00,LS,BUF,$825000
Conor McDermott\McDeCo00,OT,NYJ,$825000
Rasul Douglas\DougRa00,CB,CAR,$825000
Charles Washington\WashCh01,DB,ARI,$825000
Tye Smith\SmitTy01,CB,TEN,$825000
Elijhaa Penny\PennEl00,RB,NYG,$825000
Morgan Fox\FoxxMo00,DL,LAR,$825000
Mitchell Trubisky\TrubMi00,QB,CHI,$825000
Marvin Hall\HallMa02,WR,2TM,$825000
James Conner\ConnJa00,RB,PIT,$825000
Nathan Gerry\GerrNa00,SS,PHI,$825000
Christian McCaffrey\McCaCh01,RB,CAR,$825000
Jamal Adams\AdamJa00,SS,SEA,$825000
Samaje Perine\PeriSa00,RB,CIN,$825000
Darrell Daniels\DaniDa02,TE,ARI,$825000
Corey Davis\DaviCo03,WR,TEN,$825000
Brandon Williams\WillBr07,CB,NYG,$825000
Cameron Sutton\SuttCa00,CB,PIT,$825000
Arthur Maulet\MaulAr00,CB,NYJ,$825000
Jake Butt\ButtJa00,TE,DEN,$825000
Justin McCray\McCrJu00,G,ATL,$825000
Kalif Raymond\RaymKa00,WR,TEN,$825000
Jalen Reeves-Maybin\ReevJa00,OLB,DET,$825000
Derek Rivers\RiveDe00,DE,2TM,$825000
Zach Wood\WoodZa00,DE,NOR,$825000
Thomas Hennessy\HennTh00,LS,NYJ,$825000
T.Y. McGill\McGiT.00,DT,PHI,$825000
Mack Hollins\HollMa00,WR,MIA,$825000
Mike Thomas\ThomMi04,WR,CIN,$825000
Rudy Ford\FordRu00,S,PHI,$825000
Jordan Dangerfield\DangJo00,FS,PIT,$825000
Jason Spriggs\SpriJa00,OT,CHI,$825000
Noah Brown\BrowNo00,WR,DAL,$825000
Corey Clement\ClemCo00,RB,PHI,$825000
Jake Elliott\ElliJa03,K,PHI,$825000
D.J. Jones\JoneD.01,DT,SFO,$825000
Josh Jones\JoneJo06,S,JAX,$825000
Reggie Ragland\RaglRe00,ILB,DET,$825000
Adam Pankey\PankAd00,OG,MIA,$825000
Eric Saubert\SaubEr00,TE,JAX,$825000
Carlos Watkins\WatkCa00,DT,HOU,$825000
Tarell Basham\BashTa00,DE,NYJ,$825000
Taco Charlton\CharTa00,DE,KAN,$825000
Tajae Sharpe\SharTa00,WR,MIN,$825000
Duke Riley\RileDu00,OLB,PHI,$825000
Patrick Mahomes\MahoPa00,QB,KAN,$825000
Adrian Colbert\ColbAd00,SS,NYG,$825000
Jordan Evans\EvanJo01,ILB,CIN,$825000
Lano Hill\HillDe02,FS,SEA,$825000
Joseph Jones\JoneJo05,OLB,DEN,$825000
Trayvon Mullen\MullTr00,CB,LVR,$824961
Jayron Kearse\KearJa00,SS,DET,$823530
Dalton Risner\RisnDa00,OL,DEN,$819649
Nathan Shepherd\ShepNa00,DT,NYJ,$818000
Drew Lock\LockDr00,QB,DEN,$813674
Jerome Baker\BakeJe00,OLB,MIA,$810000
Alex Anzalone\AnzaAl00,OLB,NOR,$809000
Jahlani Tavai\TavaJa00,LB,DET,$808362
George Iloka\IlokGe00,FS,MIN,$802941
Ryan Groy\GroyRy00,OG,LAC,$802941
Trevor Williams\WillTr05,CB,PHI,$802941
Mike Pennel\PennMi00,DT,KAN,$802941
Marqui Christian\ChriMa00,SS,NYJ,$802941
Daniel McCullers\McCuDa00,DT,CHI,$802941
Hroniss Grasu\GrasHr00,C,SFO,$802941
Bennie Fowler\FowlBe00,WR,NOR,$802941
Dion Jordan\JordDi00,DE,SFO,$802935
Ibraheim Campbell\CampIb00,SS,IND,$802935
Jordan Richards\RichJo00,SS,BAL,$802935
Elgton Jenkins\JenkEl00,OL,GNB,$802597
Joejuan Williams\WillJo13,CB,NWE,$795535
Geron Christian\ChriGe01,OT,WAS,$779000
Marquise Blair\BlaiMa01,S,SEA,$778484
Sidney Jones\JoneSi00,CB,JAX,$776471
Erik McCoy\McCoEr01,OL,NOR,$771261
Ben Banogu\BanoBe00,EDGE,IND,$765205
Bashaud Breeland\BreeBa00,CB,KAN,$764706
Irv Smith Jr.\SmitIr01,TE,MIN,$758566
A.J. Brown\BrowAJ00,WR,TEN,$751926
Saquon Barkley\BarkSa00,RB,NYG,$750000
Korey Cunningham\CunnKo00,OT,NWE,$750000
Armani Watts\WattAr00,FS,KAN,$750000
Josey Jewell\JeweJo00,ILB,DEN,$750000
Ben Niemann\NiemBe00,LB,KAN,$750000
Zaire Franklin\FranZa00,LB,IND,$750000
Ja'Whaun Bentley\BentJa00,ILB,NWE,$750000
Efe Obada\ObadEf00,LB,CAR,$750000
Jordan Whitehead\WhitJo03,SS,TAM,$750000
Jalen Davis\DaviJa06,CB,CIN,$750000
Russell Gage\GageRu00,WR,ATL,$750000
Jordan Wilkins\WilkJo01,RB,IND,$750000
Chandon Sullivan\SullCh00,CB,GNB,$750000
Darrel Williams\WillDa10,RB,KAN,$750000
Chris Jones\JoneCh06,CB,2TM,$750000
Cornell Armstrong\ArmsCo00,CB,HOU,$750000
Jason Cabinda\CabiJa00,ILB,DET,$750000
Michael Badgley\BadgMi00,K,LAC,$750000
Alex Cappa\CappAl00,OT,TAM,$750000
Roquan Smith\SmitRo07,ILB,CHI,$750000
Tre Flowers\FlowTr01,SS,SEA,$750000
Isaiah Ford\FordIs00,WR,MIA,$750000
Justin Watson\WatsJu01,WR,TAM,$750000
Tavierre Thomas\ThomTa01,DB,CLE,$750000
Bradley Chubb\ChubBr00,DE,DEN,$750000
Taylor Stallworth\StalTa00,DT,IND,$750000
Avonte Maddox\MaddAv00,CB,PHI,$750000
DeShon Elliott\ElliDe02,SS,BAL,$750000
Younghoe Koo\KooxYo00,K,ATL,$750000
Deon Yelder\YeldDe00,TE,KAN,$750000
Jacob Martin\MartJa02,LB,HOU,$750000
Darious Williams\WillDa09,CB,LAR,$750000
Ryan Izzo\IzzoRy00,TE,NWE,$750000
Corey Bojorquez\BojoCo00,P,BUF,$750000
Brandon Facyson\FacyBr00,CB,LAC,$750000
Baker Mayfield\MayfBa00,QB,CLE,$750000
Daniel Munyer\MunyDa00,OL,TEN,$750000
Trenton Cannon\CannTr00,RB,CAR,$750000
Hunter Bradley\BradHu00,LS,GNB,$750000
Davontae Harris\HarrDa05,CB,2TM,$750000
Kylie Fitts\FittKy00,DE,ARI,$750000
Devante Downs\DownDe00,LB,NYG,$750000
Joshua Kalu\KaluJo00,CB,TEN,$750000
Tim Patrick\PatrTi00,WR,DEN,$750000
Dalton Schultz\SchuDa00,TE,DAL,$750000
Trenton Scott\ScotTr01,T,CAR,$750000
Danny Johnson\JohnDa09,CB,WAS,$750000
Josh Allen\AlleJo02,QB,BUF,$750000
J.T. Gray\GrayJ.00,DB,NOR,$750000
John Franklin-Myers\FranJo02,DE,NYJ,$750000
Antwaun Woods\WoodAn02,NT,DAL,$750000
Trent Sherfield\SherTr00,WR,ARI,$750000
Eddie Yarbrough\YarbEd01,DE,MIN,$750000
Mark Andrews\AndrMa00,TE,BAL,$750000
Brandon Powell\PoweBr00,WR,ATL,$750000
Chukwuma Okorafor\OkorCh00,OT,PIT,$750000
Marquez Valdes-Scantling\ValdMa00,WR,GNB,$750000
Tyler Lancaster\LancTy00,DL,GNB,$750000
Joel Iyiegbuniwe\IyieJo00,LB,CHI,$750000
Ike Boettger\BoetIk00,G,BUF,$750000
P.J. Hall\HallP.00,DT,HOU,$750000
Scott Quessenberry\QuesSc00,C,LAC,$750000
Ray-Ray McCloud\McClRa00,WR,PIT,$750000
Nyheim Hines\HineNy00,RB,IND,$750000
Tracy Walker\WalkTr01,S,DET,$750000
Trent Taylor\TaylTr02,WR,SFO,$750000
Peter Kalambayi\KalaPe00,LB,HOU,$750000
Josh Adams\AdamJo03,RB,NYJ,$750000
Jermaine Carter Jr.\CartJe00,LB,CAR,$750000
Ronnie Harrison\HarrRo02,SS,CLE,$750000
Olasunkanmi Adeniyi\AdenOl00,DE,PIT,$750000
Jordan Akins\AkinJo00,TE,HOU,$750000
Bilal Nichols\NichBi00,DT,CHI,$750000
Arden Key\KeyxAr00,DE,LVR,$750000
Tim Settle\SettTi00,DT,WAS,$750000
Marquis Haynes\HaynMa01,OLB,CAR,$750000
Derrick Nnadi\NnadDe00,DT,KAN,$750000
Robert Tonyan\TonyRo00,TE,GNB,$750000
Tony Brown\BrowTo01,CB,CIN,$750000
George Odum\OdumGe00,S,IND,$750000
Trey Marshall\MarsTr00,S,DEN,$750000
Malik Turner\TurnMa00,WR,DAL,$750000
Mason Cole\ColeMa02,C,ARI,$750000
Josh Andrews\AndrJo01,G,NYJ,$750000
Chris Board\BoarCh00,LB,BAL,$750000
Justin Jackson\JackJu01,RB,LAC,$750000
Johnny Mundt\MundJo00,TE,LAR,$750000
Jason Sanders\SandJa00,K,MIA,$750000
Denzel Ward\WardDe02,CB,CLE,$750000
Jalyn Holmes\HolmJa01,DE,MIN,$750000
Phillip Lindsay\LindPh00,RB,DEN,$750000
Tyrell Crosby\CrosTy00,OT,DET,$750000
Ian Thomas\ThomIa00,TE,CAR,$750000
Matt Gono\GonoMa00,T,ATL,$750000
Antonio Brown\BrowAn04,WR,TAM,$750000
Buddy Howell\HoweGr00,RB,HOU,$750000
Kevin Peterson\PeteKe01,CB,ARI,$750000
Harrison Phillips\PhilHa00,DT,BUF,$750000
Braxton Berrios\BerrBr00,WR,NYJ,$750000
Oren Burks\BurkOr00,ILB,GNB,$750000
Michael Gallup\GallMi00,WR,DAL,$750000
Brandon Zylstra\ZylsBr00,WR,CAR,$750000
Mike Boone\BoonMi00,RB,MIN,$750000
Dan Arnold\ArnoDa00,WR,ARI,$750000
Folorunso Fatukasi\FatuFo00,DT,NYJ,$750000
Keke Coutee\CoutKe00,WR,HOU,$750000
Bradley Bozeman\BozeBr00,C,BAL,$750000
Justin Murray\MurrJu00,T,ARI,$750000
Anthony Firkser\FirkAn00,TE,TEN,$750000
Mike McGlinchey\McGlMi00,OT,SFO,$750000
Jamil Douglas\DougJa00,OG,TEN,$750000
Demone Harris\HarrDe06,DE,KAN,$750000
DeAndre Carter\CartDe02,WR,2TM,$750000
Siran Neal\NealSi00,CB,BUF,$750000
Ross Dwelley\DwelRo00,TE,SFO,$750000
JK Scott\ScotJK00,P,GNB,$750000
Chase Edmonds\EdmoCh00,RB,ARI,$750000
Cameron Johnston\JohnCa02,P,PHI,$750000
Will Richardson\RichWi01,OT,JAX,$750000
Gus Edwards\EdwaGu00,RB,BAL,$750000
Sam Darnold\DarnSa00,QB,NYJ,$750000
Orlando Brown Jr.\BrowOr00,OT,BAL,$750000
Corn Elder\EldeCo00,CB,CAR,$750000
Aaron Stinnie\StinAa00,G,TAM,$750000
Ifeadi Odenigbo\OdenIf00,DE,MIN,$750000
Taron Johnson\JohnTa01,CB,BUF,$750000
Stephen Anderson\AndeSt01,TE,LAC,$750000
Kenny Young\YounKe03,LB,LAR,$750000
Troy Apke\ApkeTr00,S,WAS,$750000
Dennis Gardeck\GardDe01,LB,ARI,$750000
Tyler Conklin\ConkTy00,TE,MIN,$750000
Michael Dickson\DickMi00,P,SEA,$750000
Nick Mullens\MullNi00,QB,SFO,$750000
Tim Boyle\BoylTi00,QB,GNB,$750000
Damion Ratley\RatlDa00,WR,NYG,$750000
Charvarius Ward\WardCh01,DB,KAN,$750000
Will Redmond\RedmWi00,CB,GNB,$750000
Zach Pascal\PascZa00,WR,IND,$750000
Tre'Quan Smith\SmitTr03,WR,NOR,$750000
Evan Brown\BrowEv00,C,2TM,$750000
Deadrin Senat\SenaDe00,DT,ATL,$750000
Mo Alie-Cox\AlieMo00,TE,IND,$750000
Jaydon Mickens\MickJa01,WR,TAM,$750000
Darius Phillips\PhilDa02,CB,CIN,$750000
Joseph Noteboom\NoteJo00,OT,LAR,$750000
Dorian O'Daniel\ODanDo00,OLB,KAN,$750000
Andrew Wylie\WyliAn00,T,KAN,$750000
Zach Sieler\SielZa00,DE,MIA,$750000
Tre Herndon\HernTr00,CB,JAX,$750000
Tae Davis\DaviTa00,LB,CLE,$750000
Tarvarius Moore\MoorTa00,S,SFO,$750000
DaeSean Hamilton\HamiDa01,WR,DEN,$750000
Foyesade Oluokun\OluoFo00,S,ATL,$750000
Matt Dickerson\DickMa00,DE,TEN,$750000
Logan Cooke\CookLo00,P,JAX,$750000
Auden Tate\TateAu00,WR,CIN,$750000
Will Dissly\DissWi00,TE,SEA,$750000
Ito Smith\SmitIt00,RB,ATL,$750000
Jaylen Samuels\SamuJa00,RB,PIT,$750000
Daniel Carlson\CarlDa00,K,LVR,$750000
Keion Crossen\CrosKe00,CB,HOU,$750000
Marcell Harris\HarrMa03,S,SFO,$750000
Durham Smythe\SmytDu00,TE,MIA,$750000
Boston Scott\ScotBo02,RB,PHI,$750000
Quenton Nelson\NelsQu00,OG,IND,$750000
Poona Ford\FordPo00,DT,SEA,$750000
Alexander Johnson\JohnAl01,LB,DEN,$750000
Chad Beebe\BeebCh00,WR,MIN,$750000
Pat O'Connor\OConPa00,DE,TAM,$750000
Kyzir White\WhitKy00,S,LAC,$750000
Trent Sieg\SiegTr00,LS,LVR,$750000
Chris Herndon\HernCh00,TE,NYJ,$750000
Isaac Yiadom\YiadIs00,CB,NYG,$750000
Harvey Langi\LangHa00,ILB,NYJ,$750000
Josh Sweat\SweaJo00,DE,PHI,$750000
Dorance Armstrong Jr.\ArmsDo00,DE,DAL,$750000
J.C. Jackson\JackJ.00,DB,NWE,$750000
Da'Shawn Hand\HandDa00,DE,DET,$750000
Shaun Dion Hamilton\DionSh00,LB,WAS,$750000
Wyatt Teller\TellWy00,OG,CLE,$750000
Sebastian Joseph\JoseSe00,DT,LAR,$750000
Craig James\JameCr01,CB,PHI,$750000
Cordrea Tankersley\TankCo00,CB,MIN,$749000
Drew Sample\SampDr00,TE,CIN,$745286
Miles Sanders\SandMi01,RB,PHI,$738647
David Sharpe\SharDa02,OT,WAS,$735000
Joshua Dobbs\DobbJo00,QB,PIT,$735000
Ryan Glasgow\GlasRy00,DT,NOR,$735000
Danny Isidora\IsidDa00,OG,KAN,$735000
Matt Pryor\PryoMa00,OT,PHI,$732353
Lonnie Johnson Jr.\JohnLo01,CB,HOU,$731575
James Ferentz\FereJa00,C,NWE,$727941
Max Scharping\SchaMa01,OT,HOU,$725368
Mecole Hardman\HardMe00,WR,KAN,$722048
JJ Arcega-Whiteside\ArceJJ00,WR,PHI,$720056
Trysten Hill\HillTr00,DL,DAL,$716362
Parris Campbell\CampPa00,WR,IND,$712088
Nasir Adderley\AddeNa00,S,LAC,$710096
Taylor Rapp\RappTa00,S,LAR,$707441
Kamalei Correa\CorrKa00,OLB,2TM,$705888
Mason Schreck\SchrMa00,TE,CIN,$705888
Pharaoh Brown\BrowPh01,TE,HOU,$705888
Jerald Hawkins\HawkJe00,OT,PIT,$705888
Le'Veon Bell\BellLe00,RB,2TM,$705882
Kalen Ballage\BallKa00,RB,2TM,$705882
Andy Isabella\IsabAn00,WR,ARI,$705450
Juan Thornhill\ThorJu00,S,KAN,$704785
D.K. Metcalf\MetcDK00,WR,SEA,$703457
KhaDarel Hodge\HodgKh00,WR,CLE,$697059
Levi Wallace\WallLe00,CB,BUF,$697059
Carl Davis\DaviCa01,DT,NWE,$695882
James Hurst\HursJa00,OT,NOR,$695882
Jonathan Bullard\BullJo00,DE,SEA,$695882
Jamar Taylor\TaylJa01,CB,SFO,$695882
Ken Crawley\CrawKe02,DB,NOR,$695882
DeAndre Washington\WashDe00,RB,2TM,$695882
Joshua Garnett\GarnJo00,OG,WAS,$695882
Eric Tomlinson\TomlEr01,TE,2TM,$695882
Caraun Reid\ReidCa00,DT,JAX,$695877
Zach Allen\AlleZa01,DL,ARI,$690171
Diontae Johnson\JohnDi01,WR,PIT,$689589
Darrell Henderson\HendDa00,RB,LAR,$686916
Dre'Mont Jones\JoneDr00,DL,DEN,$685400
Germaine Pratt\PratGe00,LB,CIN,$684555
David Montgomery\MontDa01,RB,CHI,$684136
Terry McLaurin\McLaTe00,WR,WAS,$681451
Chase Winovich\WinoCh00,EDGE,NWE,$681000
Michael Deiter\DeitMi00,OL,MIA,$680328
Richie James\JameRi00,WR,SFO,$679416
Jared Norris\NorrJa00,ILB,WAS,$679412
Margus Hunt\HuntMa00,DE,2TM,$679412
Justin Jones\JoneJu03,DT,LAC,$679412
Austin Calitro\CaliAu00,LB,DEN,$679412
Jabaal Sheard\SheaJa00,DL,2TM,$679412
Alex Redmond\RedmAl01,G,CIN,$679412
David Long\LongDa02,CB,LAR,$677776
Xavier Crawford\CrawXa00,CB,CHI,$675000
Cody Barton\BartCo00,LB,SEA,$675000
Trace McSorley\McSoTr00,QB,BAL,$675000
Diontae Spencer\SpenDi00,WR,DEN,$675000
Jakobi Meyers\MeyeJa01,WR,NWE,$675000
Nsimba Webster\WebsNs00,WR,LAR,$675000
D'Ernest Johnson\JohnDE04,RB,CLE,$675000
Storm Norton\NortSt00,OT,LAC,$675000
Micah Kiser\KiseMi00,ILB,LAR,$675000
Easton Stick\SticEa00,QB,LAC,$675000
Jakob Johnson\JohnJa12,FB,NWE,$675000
Duke Shelley\ShelDu00,CB,CHI,$675000
Jacob Tuioti-Mariner\TuioJa00,DT,ATL,$675000
Kentavius Street\StreKe00,DT,SFO,$675000
Nate Herbig\HerbNa01,G,PHI,$675000
Shy Tuttle\TuttSh00,DL,NOR,$675000
Patrick Laird\LairPa00,RB,MIA,$675000
Khari Blasingame\BlasKh00,RB,TEN,$675000
Jason Moore\MoorJa02,WR,LAC,$675000
Patrick Morris\MorrPa00,C,DEN,$675000
Joey Slye\SlyeJo00,K,CAR,$675000
T.J. Hockenson\HockTJ00,TE,DET,$675000
Sam Ficken\FickSa00,K,NYJ,$675000
Trayveon Williams\WillTr06,RB,CIN,$675000
Chandler Cox\CoxxCh01,RB,MIA,$675000
Andre James\JameAn01,T,LVR,$675000
Cedrick Wilson Jr.\WilsCe01,WR,DAL,$675000
Amani Hooker\HookAm00,S,TEN,$675000
Mack Wilson\WilsMa03,LB,CLE,$675000
Kingsley Keke\KekeKi00,DL,GNB,$675000
Dennis Daley\DaleDe00,OL,CAR,$675000
Marcus Kemp\KempMa00,WR,2TM,$675000
E.J. Speed\SpeeEJ00,LB,IND,$675000
Jaeden Graham\GrahJa01,TE,ATL,$675000
Chuma Edoga\EdogCh00,OL,NYJ,$675000
Darryl Johnson\JohnDa10,DE,BUF,$675000
Riley Ridley\RidlRi00,WR,CHI,$675000
Josh Woods\WoodJo02,LB,CHI,$675000
Samuel Eguavoen\EguaSa00,LB,MIA,$675000
Jaquan Johnson\JohnJa11,CB,BUF,$675000
Daniel Brunskill\BrunDa00,OT,SFO,$675000
Azeez Al-Shaair\AlShAz00,LB,SFO,$675000
Calvin Anderson\AndeCa00,T,DEN,$675000
Rico Gafford\GaffRi00,WR,LVR,$675000
Nate Davis\DaviNa01,OL,TEN,$675000
Ben Burr-Kirven\BurrBe00,LB,SEA,$675000
Bobby Evans\EvanBo00,OL,LAR,$675000
John Cominsky\ComiJo00,DE,ATL,$675000
Qadree Ollison\OlliQa00,RB,ATL,$675000
Jamarco Jones\JoneJa08,OT,SEA,$675000
Kris Boyd\BoydKr00,CB,MIN,$675000
Jamie Gillan\GillJa00,P,CLE,$675000
Kyler Murray\MurrKy00,QB,ARI,$675000
Travis Homer\HomeTr00,RB,SEA,$675000
Alex Bars\BarsAl01,T,CHI,$675000
Anthony Nelson\NelsAn01,DL,TAM,$675000
Josh Watson\WatsJo00,LB,DEN,$675000
Mitch Wishnowsky\WishMi00,P,SFO,$675000
Emeke Egbule\EgbuEm00,LB,LAC,$675000
Coleman Shelton\ShelCo00,C,LAR,$675000
Trey Pipkins\PipkTr00,OT,LAC,$675000
Bryan Mone\MoneBr00,DT,SEA,$675000
Christian Blake\BlakCh00,WR,ATL,$675000
Olamide Zaccheaus\ZaccOl01,WR,ATL,$675000
Dan Skipper\SkipDa00,OT,DET,$675000
Ryan Connelly\ConnRy00,LB,MIN,$675000
Sione Takitaki\TakiSi00,LB,CLE,$675000
Darius Slayton\SlayDa01,WR,NYG,$675000
Dru Samia\SamiDr00,OL,MIN,$675000
Cullen Gillaspia\GillCu00,RB,HOU,$675000
Calvin Munson\MunsCa00,OLB,MIA,$675000
Cody Hollister\HollCo00,WR,TEN,$675000
Greg Ward\WardGr02,WR,PHI,$675000
J.P. Holtz\HoltJ.01,TE,CHI,$675000
Ryan Nall\NallRy00,RB,CHI,$675000
Jalen Thompson\ThomJa04,,ARI,$675000
Nik Needham\NeedNi00,DB,MIA,$675000
David Long\LongDa04,LB,TEN,$675000
Andrew Brown\BrowAn05,DE,2TM,$675000
Nick Scott\ScotNi01,S,LAR,$675000
Mike Edwards\EdwaMi01,S,TAM,$675000
Jace Sternberger\SterJa00,TE,GNB,$675000
Isaiah Johnson\JohnIs02,CB,LVR,$675000
Raven Greene\GreeRa02,S,GNB,$675000
Devin White\WhitDe02,LB,TAM,$675000
KeeSean Johnson\JohnKe07,WR,ARI,$675000
Isaiah Buggs\BuggIs00,DL,PIT,$675000
Kaden Elliss\ElliKa00,LB,NOR,$675000
Ty Johnson\JohnTy02,RB,2TM,$675000
Jordan Simmons\SimmJo00,G,SEA,$675000
Ben Powers\PoweBe00,OL,BAL,$675000
Jalen Guyton\GuytJa01,WR,LAC,$675000
Bobby Okereke\OkerBo00,LB,IND,$675000
Devin Singletary\SingDe00,RB,BUF,$675000
Jimmy Moreland\MoreJi00,CB,WAS,$675000
James Vaughters\VaugJa01,LB,CHI,$675000
Justice Hill\HillJu00,RB,BAL,$675000
Jaylon Ferguson\FergJa02,DE,BAL,$675000
Michael Jordan\JordMi01,OL,CIN,$675000
Deonte Harris\HarrDe07,WR,NOR,$675000
Brandon Watson\WatsBr01,DB,JAX,$675000
Austin Cutting\CuttAu00,LS,MIN,$675000
Benny Snell Jr.\SnelBe00,,PIT,$675000
Patrick Mekari\MekaPa00,G,BAL,$675000
Dakota Allen\AlleDa01,LB,JAX,$675000
Fred Johnson\JohnFr01,G,CIN,$675000
Kendall Sheffield\ShefKe00,CB,ATL,$675000
Zach Triner\TrinZa00,LS,TAM,$675000
Porter Gustin\GustPo01,LB,CLE,$675000
C.J. Moore\MoorCJ01,DB,DET,$675000
Alex Singleton\SingAl00,LB,PHI,$675000
Byron Pringle\PrinBy00,WR,KAN,$675000
Foster Moreau\MoreFo00,TE,LVR,$675000
Daniel Jones\JoneDa05,QB,NYG,$675000
Charles Omenihu\OmenCh00,DL,HOU,$675000
Zach Gentry\GentZa00,TE,PIT,$675000
Shaq Calhoun\CalhSh01,G,CIN,$675000
Cole Holcomb\HolcCo00,LB,WAS,$675000
Stephen Carlson\CarlSt00,TE,CLE,$675000
Sheldrick Redwine\RedwSh00,S,CLE,$675000
Deionte Thompson\ThomDe06,S,ARI,$675000
Jamal Perry\WiltJo01,DB,MIA,$675000
Keisean Nixon\NixoKe00,CB,LVR,$675000
Nick Allegretti\AlleNi00,G,KAN,$675000
Scott Miller\MillSc01,WR,TAM,$675000
Ross Pierschbacher\PierRo00,OL,PHI,$675000
Wes Martin\MartWe00,G,WAS,$675000
Chris Lammons\LammCh00,DB,KAN,$675000
Jamel Dean\DeanJa00,CB,TAM,$675000
Nick Gates\GateNi00,OT,NYG,$675000
Emmanuel Moseley\MoseEm00,CB,SFO,$675000
Justin Layne\LaynJu00,CB,PIT,$675000
Joe Jackson\JackJo02,EDGE,CLE,$675000
Amani Oruwariye\OruwAm00,CB,DET,$675000
Quinnen Williams\WillQu00,DL,NYJ,$675000
Jake Bailey\BailJa00,P,NWE,$675000
Austin Schlottmann\SchlAu00,G,DEN,$675000
Troy Reeder\ReedTr01,LB,LAR,$675000
Hunter Renfrow\RenfHu00,WR,LVR,$675000
David Edwards\EdwaDa01,OL,LAR,$675000
Marcus Allen\AlleMa03,S,PIT,$675000
Ethan Greenidge\GreeEt00,OL,NOR,$675000
Jordan Mailata\MailJo00,T,PHI,$675000
Alec Ingold\IngoAl01,FB,LVR,$675000
Tony Pollard\PollTo00,RB,DAL,$675000
Greg Gaines\GainGr00,DL,LAR,$675000
Marcus Epps\EppsMa00,S,PHI,$675000
Chauncey Gardner-Johnson\GardCh00,S,NOR,$675000
Alexander Mattison\MattAl01,RB,MIN,$675000
Reggie Bonnafon\BonnRe00,RB,CAR,$675000
Cole Mazza\MazzCo01,LS,LAC,$675000
Luke Gifford\GiffLu00,LB,DAL,$675000
Rashad Fenton\FentRa00,CB,KAN,$675000
Ryan Finley\FinlRy00,QB,CIN,$675000
Ka'dar Hollman\HollKa00,CB,GNB,$675000
Corey Ballentine\BallCo00,CB,2TM,$675000
Donovan Wilson\WilsDo01,S,DAL,$675000
Darwin Thompson\ThomDa06,RB,KAN,$675000
Malik Reed\ReedMa01,LB,DEN,$675000
Cortez Broughton\BrouCo00,DL,LAC,$675000
Will Harris\HarrWi02,S,DET,$675000
Nate Meadors\MeadNa00,DB,MIN,$675000
Armon Watts\WattAr01,DL,MIN,$675000
Julian Love\LoveJu00,CB,NYG,$675000
Robert Spillane\SpilRo00,LB,PIT,$675000
Carl Granderson\GranCa01,DE,NOR,$675000
Yosuah Nijman\NijmYo01,T,GNB,$675000
Kyle Allen\AlleKy00,QB,WAS,$675000
Dre Greenlaw\GreeDr00,LB,SFO,$675000
Jarrett Stidham\StidJa00,QB,NWE,$675000
Derick Roberson\RobeDe01,DE,TEN,$675000
Ugo Amadi\AmadUg00,S,SEA,$675000
Steven Mitchell\MitcSt02,WR,HOU,$675000
Olabisi Johnson\JohnOl00,WR,MIN,$675000
Dare Ogunbowale\OgunDa00,RB,JAX,$675000
Lamont Gaillard\GailLa00,OL,ARI,$675000
Ty Summers\SummTy00,LB,GNB,$675000
Andrew Van Ginkel\VanGAn00,LB,MIA,$675000
Justin Skule\SkulJu00,OT,SFO,$675000
Khari Willis\WillKh00,S,IND,$675000
Blessuan Austin\AustBl00,CB,NYJ,$675000
Miles Boykin\BoykMi00,WR,BAL,$675000
Kaden Smith\SmitKa00,TE,NYG,$675000
Javon Wims\WimsJa00,WR,CHI,$661770
Tremon Smith\SmitTr04,,IND,$661770
Malik Jefferson\JeffMa00,OLB,LAC,$661770
Kyle Fuller\FullKy01,C,SEA,$661770
Daniel Ross\RossDa02,DT,2TM,$661769
Vyncint Smith\SmitVy00,WR,NYJ,$661767
Ryan Lewis\LewiRy01,DB,NYG,$661765
Jordan Thomas\ThomJo05,TE,2TM,$661765
Hardy Nickerson\NickHa02,ILB,MIN,$661765
C.J. Prosise\ProsC.00,RB,HOU,$661765
Jeremy McNichols\McNiJe00,RB,TEN,$661765
Josh Malone\MaloJo00,WR,NYJ,$661765
Kevin Toliver\ToliKe00,DB,DEN,$660000
Eric Smith\SmitEr00,OG,DAL,$660000
D.J. Reed\ReedD.00,CB,SEA,$660000
Troy Fumagalli\FumaTr00,TE,DEN,$660000
Woodrow Hamilton\HamiWo00,DL,CAR,$660000
Jamal Carter\CartJa02,S,ATL,$660000
Natrell Jamerson\JameNa00,FS,CAR,$660000
Garrett Gilbert\GilbGa01,QB,DAL,$660000
Jaleel Scott\ScotJa02,WR,NYJ,$660000
Chad Wheeler\WheeCh00,OT,SEA,$660000
Deante Burton\BurtDe00,WR,DAL,$660000
Garrett Griffin\GrifGa00,TE,NOR,$660000
Kahale Warring\WarrKa00,TE,HOU,$658252
Connor McGovern\McGoCo01,OL,DAL,$657000
Byron Cowart\CowaBy00,DL,NWE,$645588
Mike Ford\FordMi01,CB,DET,$644120
Matthew Adams\AdamMa00,LB,IND,$644118
Rasheem Green\GreeRa01,DT,SEA,$644118
Ross Cockrell\CockRo00,CB,TAM,$642353
Kyle Emanuel\EmanKy00,OLB,2TM,$642353
Xavier Williams\WillXa00,DT,2TM,$642353
Daurice Fountain\FounDa00,WR,IND,$635296
Austin Seibert\SeibAu00,K,2TM,$635296
Damien Harris\HarrDa06,RB,NWE,$630882
Deon Lacey\LaceDe00,LB,BUF,$630882
Taywan Taylor\TaylTa00,WR,CLE,$630882
Gunner Olszewski\OlszGu00,WR,NWE,$630882
Dontrell Hilliard\HillDo00,RB,2TM,$617652
Shaquem Griffin\GrifSh01,OLB,SEA,$617647
Taybor Pepper\PeppTa00,LS,SFO,$617647
Equanimeous St. Brown\St.BEq00,WR,GNB,$616176
Quincy Williams\WillQu01,,JAX,$616176
Steven Sims\SimsSt00,WR,WAS,$616176
Khalid Kareem\KareKh00,DL,CIN,$610000
Joe Reed\ReedJo03,WR,LAC,$610000
Donovan Peoples-Jones\PeopDo00,WR,CLE,$610000
Matt Nelson\NelsMa00,T,DET,$610000
DeeJay Dallas\DallDe00,RB,SEA,$610000
Derrick Brown\BrowDe05,DL,CAR,$610000
Bryan Edwards\EdwaBr01,WR,LVR,$610000
Solomon Kindley\KindSo00,OL,MIA,$610000
Mekhi Becton\BectMe00,OL,NYJ,$610000
Logan Woodside\WoodLo00,QB,TEN,$610000
Justin Madubuike\MaduJu00,DL,BAL,$610000
Chase Claypool\ClayCh01,WR,PIT,$610000
Isaiah Wright\WrigIs01,WR,WAS,$610000
Raekwon Davis\DaviRa03,DL,MIA,$610000
Joe Burrow\BurrJo01,QB,CIN,$610000
John Simpson\SimpJo00,OL,LVR,$610000
Jeff Okudah\OkudJe00,CB,DET,$610000
Arlington Hambright\HambAr00,OT,CHI,$610000
Jonathan Garvin\GarvJo00,DL,GNB,$610000
Ben DiNucci\DiNuBe00,QB,DAL,$610000
Doug Costin\CostDo00,DT,JAX,$610000
Reggie Gilliam\GillRe00,TE,BUF,$610000
Larrell Murchison\MurcLa00,DL,TEN,$610000
K'Von Wallace\WallKV00,S,PHI,$610000
Jeff Gladney\GladJe00,CB,MIN,$610000
Colin Thompson\ThomCo03,TE,CAR,$610000
Jordyn Brooks\BrooJo01,LB,SEA,$610000
Ben Bartch\BartBe00,OL,JAX,$610000
McTelvin Agim\AgimMc00,DL,DEN,$610000
Jerry Jeudy\JeudJe00,WR,DEN,$610000
Vernon Scott\ScotVe00,S,GNB,$610000
Zack Baun\BaunZa00,LB,NOR,$610000
Malcolm Perry\PerrMa00,WR,MIA,$610000
Leki Fotu\FotuLe00,DL,ARI,$610000
Sam Franklin\FranSa00,OLB,CAR,$610000
Ashtyn Davis\DaviAs00,S,NYJ,$610000
Braden Mann\MannBr01,P,NYJ,$610000
Chris Streveler\StreCh00,QB,ARI,$610000
Noah Igbinoghene\IgbiNo00,CB,MIA,$610000
Tyler Biadasz\BiadTy00,OL,DAL,$610000
Alton Robinson\RobiAl03,DL,SEA,$610000
Justin Herbert\HerbJu00,QB,LAC,$610000
Rodrigo Blankenship\BlanRo03,K,IND,$610000
Sam Sloman\SlomSa00,K,2TM,$610000
AJ Dillon\DillAJ00,RB,GNB,$610000
Marquez Callaway\CallMa01,WR,NOR,$610000
Ben Bredeson\BredBe00,OL,BAL,$610000
Logan Wilson\WilsLo00,LB,CIN,$610000
Nick Keizer\KeizNi00,TE,KAN,$610000
Stantley Thomas-Oliver\ThomSt00,CB,CAR,$610000
Cam Brown\BrowCa01,LB,NYG,$610000
Marcus Baugh\BaugMa02,TE,WAS,$610000
Noah Togiai\TogiNo00,TE,IND,$610000
Akeem Davis-Gaither\DaviAk01,LB,CIN,$610000
Casey Toohill\ToohCa00,LB,2TM,$610000
Robert Hunt\HuntRo01,OL,MIA,$610000
Quinton Bell\BellQu00,DE,TAM,$610000
Gabriel Davis\DaviGa01,WR,BUF,$610000
Tyler Davis\DaviTy02,TE,JAX,$610000
Freddie Swain\SwaiFr00,WR,SEA,$610000
John Hightower\HighJo00,WR,PHI,$610000
Ke'Shawn Vaughn\VaugKe00,RB,TAM,$610000
K.J. Hill\HillKJ00,WR,LAC,$610000
KJ Hamler\HamlKJ00,WR,DEN,$610000
Michael Onwenu\OnweMi00,OL,NWE,$610000
Trevon Diggs\DiggTr00,CB,DAL,$610000
Davion Taylor\TaylDa01,LB,PHI,$610000
Randy Ramsey\RamsRa00,LB,GNB,$610000
Kevin Givens\GiveKe01,DT,SFO,$610000
Andrew Thomas\ThomAn02,OL,NYG,$610000
Van Jefferson\JeffVa00,WR,LAR,$610000
John Reid\ReidJo00,CB,HOU,$610000
Joshua Kelley\KellJo01,RB,LAC,$610000
K'Lavon Chaisson\ChaiKL00,LB,JAX,$610000
J.C. Hassenauer\HassJ.00,C,PIT,$610000
Jake Luton\LutoJa00,QB,JAX,$610000
D.J. Wonnum\WonnDJ00,DL,MIN,$610000
Amik Robertson\RobeAm00,CB,LVR,$610000
C.J. Henderson\HendCJ00,CB,JAX,$610000
Jacob Phillips\PhilJa01,LB,CLE,$610000
Tremayne Anchrum\AnchTr00,OL,LAR,$610000
Danny Pinter\PintDa00,OL,IND,$610000
Neville Gallimore\GallNe00,DL,DAL,$610000
Alex Highsmith\HighAl02,DL,PIT,$610000
James Proche\ProcJa00,WR,BAL,$610000
Tua Tagovailoa\TagoTu00,QB,MIA,$610000
Jon Runyan\RunyJo00,OL,GNB,$610000
Devin Asiasi\AsiaDe00,TE,NWE,$610000
Zack Moss\MossZa00,RB,BUF,$610000
Phillip Walker\WalkPh00,QB,CAR,$610000
Trevis Gipson\GipsTr00,DL,CHI,$610000
Kenneth Murray\MurrKe00,LB,LAC,$610000
Kyle Dugger\DuggKy00,S,NWE,$610000
Broderick Washington Jr.\WashBr01,DL,BAL,$610000
Hakeem Adeniji\AdenHa00,OL,CIN,$610000
John Penisini\PeniJo00,DL,DET,$610000
Derrick Kelly\KellDe01,T,NOR,$610000
Quintez Cephus\CephQu00,WR,DET,$610000
Anfernee Jennings\JennAn00,LB,NWE,$610000
Josiah Scott\ScotJo00,CB,JAX,$610000
Tristan Wirfs\WirfTr00,OL,TAM,$610000
Dan Chisena\ChisDa00,WR,MIN,$610000
Collin Johnson\JohnCo01,WR,JAX,$610000
Jack Fox\FoxxJa01,P,DET,$610000
John Wolford\WolfJo00,QB,LAR,$610000
Hjalte Froholdt\FrohHj00,OL,NWE,$610000
Cassh Maluia\MaluCa00,LB,NWE,$610000
Tyrie Cleveland\ClevTy00,WR,DEN,$610000
Tyree St. Louis\StLoTy01,T,LAC,$610000
Bradlee Anae\AnaeBr00,DL,DAL,$610000
Tyler Johnson\JohnTy00,WR,TAM,$610000
Ross Blacklock\BlacRo00,DL,HOU,$610000
James Robinson\RobiJa00,RB,JAX,$610000
Keith Ismael\IsmaKe00,OL,WAS,$610000
Tee Higgins\HiggTe00,WR,CIN,$610000
D'Andre Swift\SwifDA00,RB,DET,$610000
Cesar Ruiz\RuizCe00,OL,NOR,$610000
Patrick Queen\QueePa00,LB,BAL,$610000
Kindle Vildor\VildKi00,CB,CHI,$610000
Jonah Jackson\JackJo03,OL,DET,$610000
K.J. Osborn\OsboKJ00,WR,MIN,$610000
Blake Ferguson\FergBl00,LS,MIA,$610000
J.K. Dobbins\DobbJK00,RB,BAL,$610000
Mykal Walker\WalkMy00,LB,ATL,$610000
Malik Taylor\TaylMa01,WR,GNB,$610000
Tevaughn Campbell\CampTe00,DB,LAC,$610000
James Smith-Williams\SmitJa08,DL,WAS,$610000
Markus Bailey\BailMa01,LB,CIN,$610000
Darnay Holmes\HolmDa01,CB,NYG,$610000
Dezmon Patmon\PatmDe00,WR,IND,$610000
Demetrius Flannigan-Fowles\FlanDe00,DB,SFO,$610000
Nick Harris\HarrNi01,OL,CLE,$610000
Penny Hart\HartPe01,WR,SEA,$610000
Cam Akers\AkerCa00,RB,LAR,$610000
La'Mical Perine\PeriLa00,RB,NYJ,$610000
Jeremy Chinn\ChinJe00,S,CAR,$610000
Javon Kinlaw\KinlJa00,DL,SFO,$610000
Jonathan Greenard\GreeJo04,DL,HOU,$610000
Cole Kmet\KmetCo00,TE,CHI,$610000
Ezra Cleveland\ClevEz00,OL,MIN,$610000
Jordan Elliott\ElliJo02,DL,CLE,$610000
Isaiah Simmons\SimmIs00,LB,ARI,$610000
Julian Blackmon\BlacJu01,S,IND,$610000
Michael Ojemudia\OjemMi00,CB,DEN,$610000
Brandon Jones\JoneBr06,S,MIA,$610000
Chris Jackson\JackCh01,S,TEN,$610000
DaVon Hamilton\HamiDa02,DL,JAX,$610000
Josh Jones\JoneJo07,OL,ARI,$610000
Shane Lemieux\LemiSh00,OL,NYG,$610000
Kevin Dotson\DotsKe00,OL,PIT,$610000
Damien Lewis\LewiDa05,OL,SEA,$610000
Jordan Glasgow\GlasJo00,LB,IND,$610000
Jack Driscoll\DrisJa00,OL,PHI,$610000
Maxx Crosby\CrosMa00,EDGE,LVR,$610000
Daniel Thomas\ThomDa07,S,JAX,$610000
Justin Jefferson\JeffJu00,WR,MIN,$610000
Brycen Hopkins\HopkBr01,TE,LAR,$610000
Krys Barnes\BarnKr00,LB,GNB,$610000
Malik Harrison\HarrMa06,LB,BAL,$610000
Matt Peart\PearMa00,OL,NYG,$610000
Devin Duvernay\DuveDe00,WR,BAL,$610000
Kamren Curl\CurlKa00,S,WAS,$610000
Tyler Bass\BassTy00,K,BUF,$610000
Brandon Aiyuk\AiyuBr00,WR,SFO,$610000
Charlie Woerner\WoerCh00,TE,SFO,$610000
Logan Stenberg\StenLo00,OL,DET,$610000
Carlos Davis\DaviCa03,DL,PIT,$610000
Jalen Hurts\HurtJa00,QB,PHI,$610000
Matt Hennessy\HennMa00,OL,ATL,$610000
Khalil Davis\DaviKh00,DL,TAM,$610000
Jason Strowbridge\StroJa02,DL,MIA,$610000
Chase Young\YounCh04,DL,WAS,$610000
Kendal Vickers\VickKe00,DE,LVR,$610000
Raymond Calais\CalaRa00,RB,LAR,$610000
Harrison Hand\HandHa00,CB,MIN,$610000
Jonathan Taylor\TaylJo02,RB,IND,$610000
Sterling Hofrichter\HofrSt00,P,ATL,$610000
AJ Terrell\TerrAJ00,CB,ATL,$610000
Netane Muti\MutiNe00,OL,DEN,$610000
Colton McKivitz\McKiCo00,OL,SFO,$610000
Khaleke Hudson\HudsKh00,LB,WAS,$610000
Jaylinn Hawkins\HawkJa00,S,ATL,$610000
Clyde Edwards-Helaire\EdwaCl00,RB,KAN,$610000
James Lynch\LyncJa00,DL,MIN,$610000
Cameron Dantzler\DantCa00,CB,MIN,$610000
Charlie Heck\HeckCh00,OL,HOU,$610000
Adam Trautman\TrauAd00,TE,NOR,$610000
Chris Claybrooks\ClayCh02,CB,JAX,$610000
Jaylon Johnson\JohnJa13,CB,CHI,$610000
Harrison Bryant\BryaHa00,TE,CLE,$610000
Jachai Polite\PoliJa00,EDGE,LAR,$610000
Darnell Mooney\MoonDa00,WR,CHI,$610000
A.J. Epenesa\EpenAJ00,DL,BUF,$610000
CeeDee Lamb\LambCe00,WR,DAL,$610000
Isaiah Rodgers\RodgIs00,CB,IND,$610000
Bravvion Roy\RoyxBr00,DT,CAR,$610000
Antonio Gibson\GibsAn00,RB,WAS,$610000
D'Andre Walker\WalkDA02,EDGE,SEA,$610000
Carter Coughlin\CougCa00,LB,NYG,$610000
J.J. Taylor\TaylJJ01,RB,NWE,$610000
Alohi Gilman\GilmAl00,S,LAC,$610000
Shaun Bradley\BradSh00,LB,PHI,$610000
Dane Cruikshank\CruiDa00,CB,TEN,$608827
Holton Hill\HillHo00,CB,MIN,$608827
Brett Rypien\RypiBr00,QB,DEN,$595590
Darrius Shepherd\ShepDa00,WR,GNB,$595590
DeShawn Williams\WillDe04,DT,DEN,$595590
Natrez Patrick\PatrNa00,LB,LAR,$595588
Tanner Hudson\HudsTa00,TE,TAM,$595588
Linden Stephens\StepLi00,CB,SEA,$595588
Keaton Sutherland\SuthKe00,G,CIN,$595588
Cam Sims\SimsCa00,WR,WAS,$595588
Martinas Rankin\RankMa00,OT,KAN,$591180
Billy Winn\WinnBi00,DT,GNB,$588824
Aaron Lynch\LyncAa00,DE,JAX,$588824
Damarious Randall\RandDa00,FS,SEA,$588824
Jordan Berry\BerrJo00,P,PIT,$588824
Kai Forbath\ForbKa00,K,LAR,$588824
Damontre Moore\MoorDa01,DE,SEA,$588819
Marlon Davidson\DaviMa01,DL,ATL,$585294
Noah Dawkins\DawkNo00,LB,NYJ,$585000
Justin Hollins\HollJu00,EDGE,LAR,$585000
Ken Webster\WebsKe00,CB,SFO,$585000
Tuzar Skipper\SkipTu00,LB,TEN,$585000
Jeremiah Ledbetter\LedbJe00,DT,TAM,$585000
Michael Dogbe\DogbMi00,DL,ARI,$585000
Caleb Wilson\WilsCa00,TE,PHI,$585000
Juwann Winfree\WinfJu00,WR,GNB,$585000
Hale Hentges\HentHa00,TE,MIN,$585000
Abdullah Anderson\AndeAb00,DT,MIN,$585000
Stanley Morgan Jr.\MorgSt02,WR,CIN,$585000
Joe Giles-Harris\GileJo01,LB,JAX,$585000
Ben Braden\BradBe00,OG,GNB,$585000
Alijah Holder\HoldAl01,DB,DEN,$585000
Tae Hayes\HayeTa00,DB,2TM,$585000
Jake Eldrenkamp\EldrJa00,OG,IND,$585000
Frank Herron\HerrFr00,DL,DET,$585000
C.J. Board\BoarC.00,WR,NYG,$585000
Fred Brown\BrowFr01,WR,DEN,$585000
Jordan Kunaszyk\KunaJo00,LB,WAS,$585000
Kevin Strong\StroKe00,DT,DET,$585000
Duke Williams\WillDu01,WR,BUF,$585000
Montrel Meander\MeanMo00,CB,CLE,$585000
Mike Love\LoveMi00,DE,BUF,$585000
Lil'Jordan Humphrey\HumpLi01,WR,NOR,$585000
Daniel Ekuale\EkuaDa00,DL,JAX,$585000
Dexter Williams\WillDe07,RB,GNB,$585000
Austin Larkin\LarkAu00,DE,CAR,$585000
Michael Jackson\JackMi01,CB,NWE,$585000
Tim Ward\WardTi00,DE,KAN,$585000
Evan Baylis\BaylEv00,TE,ARI,$585000
Beau Benzschawel\BenzBe01,G,HOU,$585000
Mazzi Wilkins\WilkMa00,DB,TAM,$585000
Deon Cain\CainDe00,WR,PIT,$585000
Marcus Johnson\JohnMa07,WR,IND,$582353
Isaiah Irving\IrviIs00,OLB,ARI,$582353
Nick Westbrook-Ikhine\WestNi00,WR,TEN,$574118
Asmar Bilal\BilaAs00,LB,LAC,$574118
Josh Metellus\MeteJo00,S,MIN,$574118
Javin White\WhitJa04,DB,LVR,$574118
Rashad Smith\SmitRa02,LB,PHI,$574118
Gabe Nabers\NabeGa00,RB,LAC,$574118
Derwin Gray\GrayDe01,OL,PIT,$574112
Amani Bledsoe\BledAm01,DE,CIN,$574112
Jeff Wilson\WilsJe01,RB,SFO,$573532
Genard Avery\AverGe00,LB,PHI,$573532
Michael Danna\DannMi00,DE,KAN,$572941
Yetur Gross-Matos\GrosYe00,DL,CAR,$572941
Jeff Smith\SmitJe03,WR,NYJ,$572940
Jalen Reagor\ReagJa00,WR,PHI,$560588
Del'Shawn Phillips\PhilDe00,LB,BUF,$560588
Blake Cashman\CashBl00,LB,NYJ,$560588
Austin Jackson\JackAu00,OL,MIA,$560588
Terrell Lewis\LewiTe00,LB,LAR,$560587
Isaiah Wilson\WilsIs00,OL,TEN,$560587
Quez Watkins\WatkQu00,WR,PHI,$560587
Preston Williams\WillPr01,WR,MIA,$557354
Austin Bryant\BryaAu00,EDGE,DET,$557353
Parry Nickerson\NickPa00,CB,GNB,$555884
Ogbonnia Okoronkwo\OkorOg00,DE,LAR,$555884
Dallin Leavitt\LeavDa00,S,LVR,$555884
Anthony Averett\AverAn00,CB,BAL,$555884
Dwayne Harris\HarrDw00,WR,CHI,$555882
Ryan Allen\AlleRy01,P,2TM,$555882
Travis Fulgham\FulgTr00,WR,PHI,$555882
Daniel Helm\HelmDa01,TE,SFO,$555882
Ryan Neal\NealRy00,DB,SEA,$555882
Darius Harris\HarrDa07,LB,KAN,$555882
Jordan Miller\MillJo05,CB,ATL,$555882
Andrew Beck\BeckAn01,TE,DEN,$552942
Denzel Mims\MimsDe00,WR,NYJ,$548235
Troy Dye\DyexTr00,LB,MIN,$548235
Josh Uche\UcheJo00,LB,NWE,$548235
Devine Ozigbo\OzigDe01,RB,JAX,$544706
Ashton Dulin\DuliAs00,WR,IND,$542648
Trevon Wesco\WescTr00,TE,NYJ,$542648
Ulysees Gilbert\GilbUl00,LB,PIT,$542648
Myles Gaskin\GaskMy00,RB,MIA,$542648
Jake Gervase\GervJa00,DB,LAR,$540000
Sam Hubbard\HubbSa00,DE,CIN,$538237
Jack Cichy\CichJa00,ILB,TAM,$538237
John Lovett\LoveJo02,TE,GNB,$538235
Brandon Wright\WrigBr00,K,JAX,$538235
P.J. Locke\LockPJ00,DB,DEN,$538235
Saivion Smith\SmitSa02,DB,DAL,$538230
Sylvester Williams\WillSy00,DT,DEN,$535294
Josh Mauro\MaurJo00,DE,ARI,$535294
Daren Bates\BateDa00,LB,TEN,$535294
Joe Walker\WalkJo01,ILB,SFO,$533824
James Burgess\BurgJa01,LB,GNB,$533824
Justin Hamilton\HamiJu00,DT,DAL,$529416
Kyle Phillips\PhilKy00,DL,NYJ,$527942
A'Shawn Robinson\RobiAS00,DT,LAR,$523529
Kamal Martin\MartKa01,LB,GNB,$523527
Colby Parkinson\ParkCo02,TE,SEA,$523527
Jabari Zuniga\ZuniJa00,DL,NYJ,$523527
Isaiah Coulter\CoulIs00,WR,HOU,$523527
Maurice Hurst Jr.\HursMa00,DT,LVR,$520590
Kwon Alexander\AlexKw00,OLB,2TM,$516878
Tyron Johnson\JohnTy03,WR,LAC,$516176
Solomon Thomas\ThomSo00,DE,SFO,$516176
Greg Senat\SenaGr00,OT,DAL,$516176
Jake Rodgers\RodgJa03,T,DEN,$516176
Frankie Luvu\LuvuFr00,LB,NYJ,$513236
Dawson Knox\KnoxDa00,TE,BUF,$513236
Brandon Knight\KnigBr01,T,DAL,$513236
Dalton Keene\KeenDa00,TE,NWE,$511173
Bryce Hall\HallBr02,CB,NYJ,$511173
Albert Okwuegbunam\OkwuAl00,TE,DEN,$511173
Javon Patterson\PattJa00,OL,CLE,$510000
Tim Harris\HarrTi01,CB,SFO,$510000
KC McDermott\McDeKC01,OL,JAX,$510000
Herb Miller\MillHe01,DB,TAM,$510000
Chris Westry\WestCh03,CB,DAL,$510000
Joe Ostman\OstmJo00,DE,PHI,$510000
Quinn Bailey\BailQu00,T,DEN,$510000
Chris Myarick\MyarCh00,TE,MIA,$510000
Trenton Irwin\IrwiTr00,WR,CIN,$510000
Hakeem Butler\ButlHa00,WR,PHI,$510000
Kevin Rader\RadeKe00,TE,PIT,$510000
Ben Ellefson\ElleBe00,TE,JAX,$504702
Leon Jacobs\JacoLe00,OLB,JAX,$502942
A.J. Moore\MoorA.00,DB,HOU,$502942
Ron'Dell Carter\CartRo02,DE,DAL,$502353
Jamycal Hasty\HastJa02,RB,SFO,$502353
LeVante Bellamy\BellLe02,RB,DEN,$502353
Jovante Moffatt\MoffJo01,DB,CLE,$502353
Javelin Guidry\GuidJa01,DB,NYJ,$502353
Madre Harper\HarpMa00,DB,NYG,$502353
Tyre Phillips\PhilTy00,OL,BAL,$498821
Shaquille Quarterman\QuarSh00,LB,JAX,$498821
Andrew Wingard\WingAn01,S,JAX,$498530
Otaro Alaka\AlakOt01,LB,BAL,$498530
Greg Stroman\StroGr00,CB,WAS,$498530
Tramon Williams\WillTr99,DB,BAL,$494118
Justin Herron\HerrJu00,OL,NWE,$486468
Terrell Burgess\BurgTe00,S,LAR,$486468
Justin Zimmer\ZimmJu00,DT,BUF,$485298
Sean Chandler\ChanSe00,FS,NYG,$485294
Robert Foster\FostRo01,WR,WAS,$485294
Jonathan Williams\WillJo07,RB,DET,$485294
Temarrick Hemingway\HemiTe00,TE,WAS,$485294
Elijah Lee\LeexEl00,OLB,2TM,$485290
Oshane Ximines\XimiOs00,EDGE,NYG,$483824
Theo Riddick\RiddTh00,RB,LVR,$481765
Bryce Hager\HageBr00,ILB,NYJ,$481765
Jayrone Elliott\ElliJa02,LB,PIT,$481765
Robert Jackson\JackRo00,CB,CLE,$476471
Kristian Fulton\FultKr00,CB,TEN,$474118
Saahdiq Charles\CharSa00,OL,WAS,$474116
Antonio Gandy-Golden\GandAn00,WR,WAS,$474116
Tae Crowder\CrowTa00,,NYG,$474116
Tyrel Dodson\DodsTy01,LB,BUF,$474116
Julian Okwara\OkwaJu00,DL,DET,$474116
Allen Lazard\LazaAl00,WR,GNB,$469118
Chase Hansen\HansCh02,LB,NOR,$469118
Keith Kirkwood\KirkKe00,WR,CAR,$467647
Jonathan Ward\WardJo00,RB,ARI,$466471
Chapelle Russell\RussCh00,LB,TAM,$466471
Cyril Grayson\GrayCy01,WR,TAM,$466471
Trystan Colon-Castillo\ColoTr01,C,BAL,$466471
Francis Bernard\BernFr01,LB,DAL,$466471
Cameron Lewis\LewiCa00,DB,BUF,$466471
Salvon Ahmed\AhmeSa01,RB,MIA,$466471
Alex Barrett\BarrAl00,DE,SFO,$466466
Darrynton Evans\EvanDa02,RB,TEN,$461763
Rashard Lawrence\LawrRa01,DL,ARI,$461763
Jordan Fuller\FullJo01,S,LAR,$461763
Hunter Bryant\BryaHu02,TE,DET,$461763
Nick Bosa\BosaNi00,EDGE,SFO,$454412
Josiah Deguara\DeguJo00,TE,GNB,$449410
Andre Smith\SmitAn04,ILB,BUF,$441180
Isaac Nauta\NautIs00,TE,DET,$441176
David Quessenberry\QuesDa00,OT,TEN,$441176
Cole Toner\ToneCo00,OT,LAC,$441176
Drue Tranquill\TranDr00,LB,LAC,$439706
Khalen Saunders\SaunKh00,DT,KAN,$439706
L'Jarius Sneed\SneeLJ00,S,KAN,$437058
Damon Arnette\ArneDa00,CB,LVR,$437058
Steven Parker\ParkSt00,DB,DAL,$436765
Lamar Jackson\JackLa02,DB,NYJ,$430588
Tyler Hall\HallTy01,DB,ATL,$430588
Jordan Brailford\BraiJo00,EDGE,MIN,$430588
David Blough\BlouDa00,QB,DET,$430588
Sam Mustipher\MustSa01,C,CHI,$430584
Parnell Motley\MotlPa00,DB,2TM,$430584
Juju Hughes\HughJu00,DB,LAR,$430584
Johnathan Cyprien\CyprJo00,SS,SFO,$428235
Edmond Robinson\RobiEd00,OLB,ATL,$428235
Nate Orchard\OrchNa00,OLB,WAS,$428235
Brett Toth\TothBr00,T,PHI,$425000
Saquan Hampton\HampSa00,S,NYJ,$425000
Phil Haynes\HaynPh00,OL,SEA,$425000
Bo Scarbrough\ScarBo01,RB,SEA,$425000
Xavier McKinney\McKiXa00,S,NYG,$400000
Alex Taylor\TaylAl02,T,CLE,$400000
Tashawn Bower\BoweTa00,OLB,NWE,$397062
Trent Harris\HarrTr01,DL,NYG,$397059
Hercules Mata'afa\MataHe00,DE,MIN,$397059
Jeremy Reaves\ReavJe00,FS,WAS,$397059
Cameron Batson\BatsCa00,WR,TEN,$397059
Nick Thurman\ThurNi00,DT,NWE,$397059
D'Onta Foreman\ForeDO00,RB,TEN,$397059
Kareem Orr\OrrxKa00,DB,TEN,$397059
Jeremy Cox\CoxxJe00,RB,DEN,$397059
Mark Fields II\FielMa01,CB,2TM,$397059
Henry Mondeaux\MondHe00,DT,PIT,$394702
De'Vante Bausby\BausDe00,DB,2TM,$388235
Trey Edmunds\EdmuTr00,RB,PIT,$388235
Derrek Tuszka\TuszDe00,DL,DEN,$378824
Khalil Dorsey\DorsKh00,DB,BAL,$367647
Sergio Castillo\CastSe00,K,NYJ,$358824
Isaiah Mack\MackIs00,DT,2TM,$357354
Breon Borders\BordBr00,CB,TEN,$357353
Dylan Mabin\MabiDy00,DB,2TM,$357353
Bennett Jackson\JackBe00,CB,NYJ,$357353
Terrell Bonds\BondTe00,DB,BAL,$357353
Jeff Badet\BadeJe00,WR,WAS,$352941
Jessie Lemonier\LemoJe00,DE,LAC,$322941
Hunter Niswander\NiswJa00,P,DAL,$322941
Kristian Welch\WelcKr00,LB,BAL,$322941
Chase McLaughlin\McLaCh00,K,2TM,$317647
Anthony Rush\RushAn00,NT,2TM,$317647
River Cracraft\CracRi00,WR,SFO,$317647
De'Jon Harris\HarrDe10,LB,GNB,$287059
Austin Walter\WaltAu00,RB,SFO,$287059
Brandon Allen\AlleBr00,QB,CIN,$204000
Tyler Bray\BrayTy00,QB,CHI,$142800
Dane Jackson\JackDa02,CB,BUF,$142800
Trayvon Henderson\HendTr01,S,CIN,$134400
Freedom Akinmoladun\AkinFr01,DE,CIN,$134400
Chad Slade\SladCh01,G,NYG,$134400
D.J. Foster\FostD.01,RB,ARI,$126000
Isaiah Zuber\ZubeIs00,WR,NWE,$117600
Geno Stone\StonGe00,S,BAL,$109200
Will Clapp\ClapWi00,C,NOR,$109200
Corey Liuget\LiugCo00,DT,HOU,$96000
Matt Overton\OverMa00,LS,TEN,$96000
Trevor Daniel\DaniTr00,P,TEN,$75600
